user_id,homework_id,submition_date,homework_score,corrected_at
32376,19104,2025-08-12 07:09:07.657184,78,2025-08-12 11:34:12.629984
37283,20774,2025-09-25 12:01:54.799112,100,2025-09-25 18:55:26.191392
39964,20504,2025-09-20 10:04:58.687578,100,2025-09-20 15:40:44.393738
47142,24501,2025-11-18 16:57:16.190568,100,2025-11-18 19:11:18.808108
37022,19366,2025-08-23 11:08:58.969079,100,2025-08-23 15:11:55.203463
43347,25277,2025-11-27 18:18:07.038925,100,2025-11-28 07:42:52.399138
37691,18993,2025-08-06 14:57:37.219004,100,2025-08-07 09:48:49.375660
43918,21701,2025-10-11 15:46:13.760003,100,2025-10-11 17:20:19.712505
40827,20568,2025-09-21 16:09:22.798420,100,2025-09-21 18:20:32.016764
46190,22773,2025-10-28 06:43:01.587809,100,2025-10-28 09:16:19.970624
43868,21218,2025-10-03 13:02:56.720057,100,2025-10-04 09:52:52.784734
48828,24332,2025-11-17 13:36:34.419895,100,2025-11-17 18:58:21.691433
47870,24992,2025-11-24 20:34:14.940010,100,2025-11-25 07:44:09.903578
38403,20481,2025-09-19 15:39:12.699882,100,2025-09-19 18:07:45.423219
32290,15504,2025-05-10 15:10:53.809676,100,2025-05-17 12:33:18.996066
37022,21266,2025-10-04 13:31:44.715729,100,2025-10-04 13:57:51.177166
44155,23787,2025-11-10 22:49:52.556773,100,2025-11-11 08:22:32.323517
43918,23078,2025-11-01 12:48:54.880833,100,2025-11-01 18:33:06.324726
33506,22008,2025-10-16 12:35:22.018607,100,2025-10-16 17:13:07.773521
38403,21058,2025-09-30 17:55:22.854309,100,2025-10-01 05:19:10.161696
40918,22232,2025-10-20 09:06:11.034641,100,2025-10-20 16:15:34.748112
43347,21169,2025-10-02 16:25:56.199331,100,2025-10-03 06:05:58.067579
43918,20654,2025-09-22 20:24:11.443443,100,2025-09-23 07:35:06.765050
40393,20136,2025-09-12 15:27:53.115389,100,2025-09-12 16:38:13.901483
46343,23041,2025-10-31 16:38:25.656590,100,2025-11-01 12:15:15.569795
45949,21944,2025-10-15 10:57:16.929849,100,2025-10-15 15:14:26.988666
48828,23391,2025-11-05 15:18:13.469404,100,2025-11-05 18:45:40.338595
37803,20023,2025-09-10 10:28:17.028665,100,2025-09-10 14:37:41.439203
49084,24169,2025-11-15 15:29:11.034131,100,2025-11-16 07:49:32.908494
49460,24212,2025-11-16 12:32:27.685210,100,2025-11-16 13:59:05.188954
38951,23673,2025-11-09 13:17:07.325092,100,2025-11-10 07:52:19.524611
42525,24022,2025-11-13 15:42:10.184683,100,2025-11-13 16:35:50.885232
45812,24549,2025-11-19 12:08:10.288641,100,2025-11-19 12:51:24.856040
34964,17307,2025-06-06 15:55:40.165141,0,2025-06-13 15:55:24.303466
36323,17591,2025-06-13 11:35:54.689275,0,2025-06-22 10:40:47.417803
42943,20862,2025-09-27 11:59:26.172026,100,2025-09-27 12:47:12.628846
48769,25244,2025-11-27 14:00:25.383409,100,2025-11-27 18:05:13.649003
38434,21888,2025-10-14 12:16:50.800961,100,2025-10-14 15:54:47.888200
35015,15514,2025-05-10 17:28:16.350362,17,2025-05-17 12:44:20.793064
42465,20448,2025-09-19 07:50:34.280551,100,2025-09-19 13:05:57.351359
41978,19658,2025-09-01 19:20:55.478525,25,2025-09-02 12:51:15.734253
43868,20512,2025-09-20 12:15:06.601241,100,2025-09-20 16:13:18.027624
38585,19971,2025-09-08 18:19:24.192289,100,2025-09-09 06:56:07.750809
38869,19194,2025-08-15 13:45:20.833198,100,2025-08-15 15:24:15.399280
32143,16762,2025-05-26 19:02:17.146530,42,2025-05-28 15:40:14.452168
35819,17586,2025-06-13 07:52:17.511139,42,2025-06-22 10:12:31.973436
34488,18464,2025-07-16 17:17:53.401782,42,2025-07-23 16:16:06.504096
39414,18854,2025-07-31 11:57:48.491910,42,2025-08-13 15:10:11.199125
33157,15987,2025-05-16 09:53:26.791946,50,2025-05-17 13:16:08.212649
32376,11463,2025-03-26 13:24:05.444389,50,2025-03-31 06:57:12.255845
33988,16659,2025-05-25 12:53:07.791771,50,2025-05-28 15:31:49.037620
36668,17676,2025-06-16 10:52:36.920502,50,2025-06-22 11:01:23.612382
36147,19824,2025-09-05 07:17:50.986523,50,2025-09-05 09:51:01.792811
38990,18816,2025-07-30 07:06:11.116588,50,2025-07-30 07:47:03.192402
36388,17756,2025-06-18 13:07:56.607589,50,2025-06-27 17:01:31.994640
35052,19111,2025-08-12 09:34:18.278612,50,2025-08-19 09:06:58.382011
35015,17869,2025-06-23 14:30:39.010651,50,2025-07-02 16:55:55.464617
46190,22539,2025-10-24 11:30:15.794402,100,2025-10-24 18:46:44.580957
45105,23408,2025-11-05 17:24:11.850684,100,2025-11-05 19:00:19.614291
37283,18035,2025-06-29 07:59:13.748559,100,2025-07-07 06:32:49.286560
48684,23901,2025-11-12 11:04:51.765773,100,2025-11-12 12:51:59.724167
33506,15686,2025-05-12 15:36:30.674983,58,2025-05-17 12:52:05.838474
34577,17142,2025-06-03 07:40:50.891675,58,2025-06-04 11:28:07.104044
34962,17228,2025-06-04 19:53:46.598033,58,2025-06-13 15:45:12.980176
33695,13823,2025-04-19 18:10:38.306767,58,2025-04-27 16:56:06.516499
34397,17001,2025-05-30 16:47:20.681344,58,2025-06-04 11:07:01.926327
34587,15741,2025-05-13 12:15:07.359407,58,2025-05-17 13:06:40.144874
40523,22344,2025-10-21 14:02:05.965123,58,2025-10-21 17:39:09.514285
40975,19920,2025-09-07 17:59:12.069515,58,2025-09-09 06:34:42.229782
36010,18435,2025-07-15 20:23:26.280121,58,2025-07-16 10:44:50.955129
50160,24735,2025-11-21 14:04:38.796319,100,2025-11-21 19:26:00.190094
37407,18821,2025-07-30 12:05:53.263361,100,2025-07-30 16:59:55.341178
43061,20415,2025-09-18 14:36:31.715605,100,2025-09-18 14:53:11.696609
39186,20336,2025-09-16 19:32:08.358312,100,2025-09-17 07:32:29.540129
35231,16144,2025-05-18 15:08:13.655162,100,2025-05-23 08:22:20.325802
33358,13037,2025-04-10 20:45:20.456272,100,2025-04-18 13:55:59.585876
33640,13487,2025-04-15 16:01:54.866898,100,2025-04-18 14:02:28.384259
34998,23876,2025-11-11 22:05:18.705861,62,2025-11-12 08:08:59.223637
32899,18638,2025-07-23 19:02:38.234227,63,2025-08-01 17:04:03.195244
38381,22706,2025-10-27 09:19:23.833478,64,2025-10-30 12:27:13.810210
32899,14323,2025-04-25 15:47:00.305684,100,2025-04-27 17:32:16.191299
34713,17059,2025-06-01 09:55:29.147702,67,2025-06-04 11:15:19.219830
48066,23654,2025-11-08 22:25:16.861052,67,2025-11-09 12:34:34.646183
32414,18930,2025-08-04 08:04:28.281609,67,2025-08-04 12:33:22.278457
47435,22629,2025-10-26 10:55:39.185629,67,2025-10-27 07:16:17.428207
38142,18505,2025-07-17 21:59:38.785502,67,2025-07-18 09:15:08.809399
39333,19862,2025-09-06 12:44:05.446884,67,2025-09-08 15:56:28.728972
38141,18772,2025-07-28 16:28:23.189688,67,2025-07-28 18:21:22.464689
38405,18629,2025-07-23 13:08:09.017724,67,2025-07-23 16:42:28.934050
35387,18082,2025-07-01 10:41:24.023537,67,2025-07-13 10:09:40.925302
40890,19465,2025-08-26 19:28:12.371797,67,2025-09-09 10:50:57.549589
36607,17626,2025-06-14 21:22:51.169111,67,2025-06-22 10:51:15.681954
43923,22151,2025-10-18 22:05:39.901897,67,2025-10-19 07:44:15.192271
35971,18372,2025-07-13 15:55:56.446091,67,2025-07-15 06:54:51.526905
35526,16765,2025-05-26 19:27:43.550404,100,2025-06-04 10:52:34.205619
32822,13855,2025-04-20 12:57:56.094618,100,2025-04-27 17:00:59.241781
33010,12231,2025-04-02 20:03:26.565207,100,2025-04-08 07:36:22.316956
34538,15198,2025-05-06 18:57:08.606520,100,2025-05-10 09:35:08.768314
35819,18695,2025-07-25 15:55:08.544283,100,2025-08-13 14:38:18.174303
37022,22967,2025-10-30 14:20:56.562160,100,2025-10-30 17:44:49.390854
33551,21148,2025-10-02 13:50:54.903429,100,2025-10-03 05:51:47.267270
40918,22753,2025-10-27 18:22:08.682305,100,2025-10-28 09:07:14.268401
38403,25036,2025-11-25 10:45:41.864949,100,2025-11-25 12:37:17.260029
35819,21827,2025-10-13 15:16:41.141936,100,2025-10-13 16:28:53.256601
33551,22824,2025-10-28 16:22:08.863523,100,2025-10-29 08:16:19.935315
35819,19288,2025-08-20 12:51:57.177141,100,2025-08-20 14:30:19.129440
34577,24523,2025-11-19 07:37:40.704772,100,2025-11-19 08:15:09.360593
38776,21776,2025-10-12 18:27:04.594196,100,2025-10-13 16:16:06.546059
35819,20297,2025-09-16 08:54:51.613620,100,2025-09-16 10:05:30.281216
38776,22641,2025-10-26 13:40:22.778407,100,2025-10-27 07:29:36.220662
35819,21422,2025-10-07 06:41:44.424455,100,2025-10-07 11:10:22.674827
43668,23690,2025-11-09 18:18:06.188219,97,2025-11-10 08:11:10.370039
33506,19010,2025-08-07 11:00:16.399127,97,2025-08-07 11:41:47.697341
41026,21952,2025-10-15 13:27:08.785469,97,2025-10-15 15:25:28.666232
40364,21646,2025-10-10 15:10:24.181740,97,2025-10-11 06:54:01.367333
38869,21274,2025-10-04 15:23:57.575011,97,2025-10-05 12:05:55.007095
38990,19889,2025-09-07 10:11:16.543638,69,2025-09-08 17:44:05.529414
32290,22434,2025-10-22 16:53:32.127507,71,2025-10-22 18:15:19.970299
34998,22819,2025-10-28 15:43:18.859750,71,2025-10-29 08:05:30.885279
37967,21485,2025-10-08 07:52:00.296852,71,2025-10-08 09:45:01.003766
38434,21696,2025-10-11 14:30:54.420785,97,2025-10-11 17:09:40.983861
38275,21718,2025-10-11 20:43:57.388687,97,2025-10-12 07:19:22.149293
37974,19116,2025-08-12 14:28:52.399774,97,2025-08-12 15:31:09.426830
34962,22930,2025-10-30 00:26:45.612968,97,2025-10-30 08:21:52.084821
39061,18887,2025-08-01 14:55:47.230670,97,2025-08-01 16:11:41.641780
36176,17704,2025-06-16 21:15:40.520343,72,2025-06-27 16:45:44.790486
41926,20541,2025-09-20 20:15:18.784158,97,2025-09-21 09:23:20.147345
41208,24037,2025-11-13 18:09:43.899043,97,2025-11-14 11:25:38.926606
39414,20506,2025-09-20 10:12:24.430444,97,2025-09-20 16:02:38.119875
37063,24799,2025-11-22 13:05:31.295550,97,2025-11-22 17:48:40.638378
36323,24052,2025-11-14 07:00:50.432338,97,2025-11-14 16:51:22.219450
40709,22070,2025-10-17 12:42:20.124390,97,2025-10-18 07:33:45.293477
37421,19078,2025-08-10 18:48:46.476935,97,2025-08-11 08:00:08.613847
32290,19903,2025-09-07 15:47:24.574207,96,2025-09-08 18:23:09.108411
38434,24491,2025-11-18 16:29:21.993696,96,2025-11-18 19:02:37.245387
46190,23941,2025-11-12 17:19:28.071044,96,2025-11-12 18:36:06.713358
38776,18743,2025-07-27 17:44:20.396509,96,2025-07-27 19:01:02.764138
32805,23171,2025-11-02 18:23:33.083318,96,2025-11-02 20:07:16.806910
43868,23251,2025-11-03 18:13:46.438378,96,2025-11-04 17:06:11.979310
38274,24230,2025-11-16 15:13:31.184965,96,2025-11-16 17:06:25.615011
38776,24873,2025-11-23 16:14:14.890280,96,2025-11-23 19:27:07.547044
38776,24795,2025-11-22 12:07:39.243066,96,2025-11-22 17:38:14.736387
37691,24856,2025-11-23 13:22:51.362356,95,2025-11-23 19:12:49.778737
38776,20881,2025-09-27 16:50:05.782241,95,2025-09-28 09:16:39.098581
32805,20867,2025-09-27 13:26:41.486765,94,2025-09-27 16:03:31.047474
38146,21146,2025-10-02 13:10:51.096237,94,2025-10-03 05:35:23.394621
33358,17478,2025-06-10 21:00:24.635841,94,2025-06-13 16:24:44.651967
38274,19819,2025-09-04 17:38:59.779522,94,2025-09-05 07:21:51.577014
46563,24011,2025-11-13 13:59:34.608884,94,2025-11-13 16:14:49.074785
33324,15462,2025-05-10 07:40:46.335776,75,2025-05-10 09:52:43.029236
36975,18617,2025-07-22 15:54:12.167936,75,2025-07-23 08:20:27.809537
44819,22225,2025-10-20 08:00:19.778648,75,2025-10-20 08:52:52.001672
37584,19639,2025-09-01 13:24:30.059639,75,2025-09-02 06:48:31.363341
39735,23297,2025-11-04 14:59:43.638870,75,2025-11-04 17:38:34.820256
46020,23462,2025-11-06 12:23:12.755779,75,2025-11-06 17:07:22.921545
45130,22825,2025-10-28 16:32:17.567468,75,2025-10-29 08:24:08.731629
46563,23219,2025-11-03 13:33:11.796477,75,2025-11-03 16:17:54.121729
38274,18908,2025-08-03 09:49:22.583663,75,2025-08-13 15:20:21.649377
44649,23418,2025-11-05 20:32:53.785582,75,2025-11-06 12:08:36.313667
40709,19607,2025-08-31 17:48:15.490078,75,2025-08-31 18:16:34.649364
44922,22121,2025-10-18 11:22:26.403861,75,2025-10-19 07:18:40.015080
37691,18411,2025-07-15 08:42:02.877592,75,2025-07-15 18:48:06.306849
36475,17558,2025-06-12 14:33:42.349205,75,2025-06-22 09:45:50.143955
44239,23395,2025-11-05 15:48:11.035880,75,2025-11-05 18:53:37.044866
42982,25182,2025-11-26 17:39:53.304957,75,2025-11-27 08:00:02.753861
39964,19202,2025-08-16 08:53:50.754923,75,2025-08-29 09:37:43.902109
39092,20872,2025-09-27 14:03:38.311941,75,2025-09-27 16:11:45.313460
46174,23330,2025-11-05 06:18:47.692931,75,2025-11-05 09:05:30.607353
41962,20109,2025-09-12 07:48:51.047250,75,2025-09-12 09:03:11.049854
43668,23691,2025-11-09 18:22:21.619497,75,2025-11-10 08:01:12.807256
32805,18156,2025-07-04 15:21:34.179678,75,2025-07-13 10:16:53.580793
44678,22882,2025-10-29 13:41:39.338327,75,2025-10-30 08:10:30.043796
40094,19890,2025-09-07 10:50:03.472632,75,2025-09-08 18:05:26.398362
42381,21053,2025-09-30 16:34:05.503065,75,2025-09-30 16:48:31.442314
39061,18757,2025-07-28 08:39:27.992936,75,2025-07-28 09:57:04.749513
36668,18626,2025-07-23 12:15:29.460388,75,2025-07-23 16:35:05.153937
37283,24525,2025-11-19 09:10:47.567580,75,2025-11-19 12:46:35.242012
37407,23977,2025-11-13 09:58:47.418245,75,2025-11-13 12:17:09.824730
38141,24444,2025-11-18 11:47:56.767147,75,2025-11-18 18:42:42.237374
46174,25216,2025-11-27 10:13:54.343082,75,2025-11-27 17:54:41.797718
35331,18405,2025-07-15 07:15:05.307907,75,2025-07-15 18:00:29.536789
34577,18026,2025-06-28 13:54:33.293230,75,2025-07-07 06:26:16.394378
44155,22046,2025-10-16 20:40:50.501161,94,2025-10-17 06:51:24.822355
39061,21316,2025-10-05 09:59:03.327597,76,2025-10-05 12:26:04.147182
40918,20863,2025-09-27 12:18:56.902185,94,2025-09-27 12:59:14.087761
45496,24139,2025-11-14 21:33:38.713024,94,2025-11-15 14:03:08.530538
48684,24946,2025-11-24 14:29:14.134833,94,2025-11-24 17:20:31.931693
38776,18669,2025-07-24 19:05:52.839656,94,2025-07-25 09:49:35.868687
49460,24314,2025-11-17 11:41:37.490378,94,2025-11-17 18:49:03.168841
37967,20118,2025-09-12 09:30:02.963654,94,2025-09-12 16:18:22.055248
37407,20191,2025-09-14 06:15:21.850820,94,2025-09-14 11:11:24.603875
38361,20680,2025-09-23 13:20:29.822400,94,2025-09-23 15:25:29.960816
38049,22435,2025-10-22 16:56:55.700829,88,2025-10-22 18:22:29.000647
34538,18636,2025-07-23 17:32:27.122322,78,2025-08-01 16:48:16.279839
40683,25256,2025-11-27 15:36:35.273221,94,2025-11-27 18:14:42.153834
36668,23744,2025-11-10 15:05:11.719941,94,2025-11-10 15:40:52.720126
40683,23759,2025-11-10 15:58:43.053952,93,2025-11-11 08:12:41.183841
32899,17578,2025-06-12 20:36:10.312857,92,2025-06-22 10:04:11.744566
34447,23427,2025-11-06 07:57:44.777642,92,2025-11-06 12:20:21.498361
43558,21878,2025-10-14 10:36:42.439206,92,2025-10-14 15:27:44.556215
46174,23651,2025-11-08 19:03:06.148708,92,2025-11-09 12:25:20.233552
33157,21103,2025-10-01 16:03:32.769659,92,2025-10-02 05:28:23.967880
45389,24013,2025-11-13 14:34:45.862357,92,2025-11-13 16:28:09.642404
33551,19828,2025-09-05 10:07:18.315728,92,2025-09-05 11:06:22.410377
45374,23729,2025-11-10 13:11:26.087594,92,2025-11-10 15:17:31.810150
40936,20883,2025-09-27 17:06:57.385226,92,2025-09-28 09:42:26.372076
38141,20487,2025-09-19 17:23:05.794881,92,2025-09-19 18:40:17.173348
35819,18060,2025-06-30 13:29:07.799356,92,2025-07-07 07:02:38.839954
42935,23087,2025-11-01 14:44:17.105409,92,2025-11-01 18:48:25.036168
44819,24145,2025-11-15 05:10:36.348174,92,2025-11-15 14:13:42.788261
35015,16632,2025-05-24 16:24:14.997161,92,2025-05-28 15:24:30.534341
35819,18276,2025-07-10 09:12:45.970612,92,2025-07-23 16:06:41.377645
38274,20802,2025-09-25 18:32:05.075946,92,2025-09-25 19:46:18.264298
33551,20806,2025-09-25 19:53:29.019172,92,2025-09-26 12:46:51.959218
45703,23844,2025-11-11 17:35:31.752600,92,2025-11-11 19:05:35.310543
43347,24646,2025-11-20 14:13:49.820906,92,2025-11-20 18:56:14.371055
40364,22604,2025-10-25 17:22:36.977852,92,2025-10-25 18:25:22.714018
47995,23572,2025-11-07 14:39:02.790701,92,2025-11-07 16:58:34.662580
37421,18356,2025-07-12 17:09:31.101767,92,2025-07-12 18:38:05.293004
40621,25147,2025-11-26 14:20:42.246270,79,2025-11-27 07:51:38.596751
37967,24057,2025-11-14 09:01:14.580370,79,2025-11-14 17:04:34.707899
35015,19049,2025-08-09 13:43:57.729962,79,2025-08-10 11:09:32.377137
40827,23864,2025-11-11 19:50:19.564513,79,2025-11-12 07:49:58.686902
44819,25040,2025-11-25 11:34:16.099998,79,2025-11-25 12:45:56.786826
41208,21020,2025-09-30 09:25:43.622452,92,2025-09-30 15:53:17.541907
34850,18044,2025-06-29 14:16:03.364294,92,2025-07-07 06:40:45.610672
43558,20838,2025-09-26 15:02:19.313013,92,2025-09-26 15:29:36.220922
43055,20646,2025-09-22 17:11:16.213430,92,2025-09-23 07:12:47.485957
40364,20878,2025-09-27 15:48:24.517313,92,2025-09-27 16:19:41.176754
37022,18486,2025-07-17 10:04:08.084748,92,2025-07-17 13:15:23.669429
48496,23326,2025-11-04 20:04:18.498536,92,2025-11-05 08:55:31.402052
38275,19149,2025-08-13 20:57:47.549411,92,2025-08-19 09:17:09.182026
44840,21862,2025-10-14 07:47:29.029441,92,2025-10-14 15:18:10.564677
38224,20080,2025-09-11 14:13:11.877554,92,2025-09-11 16:43:28.380229
40659,22271,2025-10-20 15:32:20.304557,92,2025-10-20 16:54:49.037820
44529,21890,2025-10-14 12:44:32.159433,92,2025-10-14 16:13:18.319311
40827,19399,2025-08-24 15:22:38.679315,92,2025-08-24 17:29:55.672390
40207,19318,2025-08-21 14:12:30.340143,92,2025-08-21 15:11:48.384594
37063,18174,2025-07-05 14:03:55.331413,92,2025-07-15 06:15:26.053442
41262,23801,2025-11-11 10:31:33.604299,81,2025-11-11 18:47:07.256735
43817,22068,2025-10-17 12:18:42.353946,81,2025-10-18 07:07:26.051853
40918,20439,2025-09-18 20:19:27.588969,92,2025-09-19 12:45:48.569883
40771,22736,2025-10-27 14:46:53.718211,92,2025-10-28 08:52:36.223866
43817,20648,2025-09-22 17:16:24.327579,92,2025-09-23 07:26:33.494135
45492,21650,2025-10-10 16:04:04.602272,92,2025-10-11 07:01:38.217968
46074,23955,2025-11-12 19:30:07.234826,92,2025-11-13 07:31:04.410134
47351,23717,2025-11-10 10:19:08.653758,92,2025-11-10 14:55:54.789892
36668,19797,2025-09-04 12:36:34.479694,83,2025-09-09 11:06:57.200141
43061,24378,2025-11-17 17:20:56.360779,83,2025-11-17 19:16:20.401849
34577,19861,2025-09-06 12:36:56.024668,83,2025-09-08 15:29:32.547964
34277,14817,2025-05-01 18:20:01.069685,83,2025-05-08 07:27:05.430095
34967,16536,2025-05-23 08:29:18.236756,83,2025-05-23 09:32:28.058647
32200,11554,2025-03-27 09:33:14.566245,83,2025-04-01 07:03:59.341540
32290,11001,2025-03-22 15:14:20.441662,83,2025-03-23 12:00:38.470323
36176,17102,2025-06-02 10:28:20.661847,83,2025-06-04 11:21:24.366259
33337,13948,2025-04-21 15:06:29.744837,83,2025-04-27 17:08:32.277538
32381,14145,2025-04-23 13:18:51.785213,83,2025-04-27 17:26:16.425206
34447,15313,2025-05-08 10:03:45.974383,83,2025-05-10 09:46:50.023552
35298,16046,2025-05-17 10:25:47.040470,83,2025-05-17 13:25:00.296226
40197,21391,2025-10-06 14:43:31.652571,83,2025-10-06 16:21:06.022670
34456,25236,2025-11-27 13:15:13.920426,83,2025-11-27 18:00:55.699172
42935,20990,2025-09-29 15:35:23.847325,83,2025-09-29 16:05:13.203359
34470,22141,2025-10-18 17:41:47.828609,83,2025-10-19 07:27:05.889368
48464,23137,2025-11-02 14:01:03.668886,83,2025-11-02 14:25:38.251888
40269,21028,2025-09-30 11:41:17.773359,83,2025-09-30 16:11:11.615506
40863,19787,2025-09-04 08:57:06.143698,83,2025-09-04 10:14:37.072998
41926,19879,2025-09-06 19:40:19.403566,83,2025-09-08 16:51:24.140366
43936,24581,2025-11-19 16:56:17.293192,83,2025-11-19 19:15:03.167523
38146,19312,2025-08-21 10:45:21.282699,83,2025-08-29 09:49:44.728804
38381,21493,2025-10-08 09:28:37.643450,83,2025-10-08 10:14:34.297792
45200,21902,2025-10-14 15:40:26.149389,83,2025-10-14 16:30:05.611263
40621,19338,2025-08-22 12:18:47.777352,83,2025-08-22 16:57:04.098679
47870,23100,2025-11-01 19:03:40.201624,83,2025-11-01 19:12:25.051382
35328,18048,2025-06-29 16:39:21.116394,83,2025-07-07 06:47:18.659192
38104,18241,2025-07-08 13:33:53.357781,83,2025-07-23 15:52:39.895458
36449,18162,2025-07-04 20:15:46.399074,83,2025-07-13 10:23:58.933410
37974,18758,2025-07-28 10:17:12.577195,83,2025-08-13 14:49:06.791056
46212,23167,2025-11-02 17:51:08.731400,83,2025-11-02 19:55:25.404793
47923,24570,2025-11-19 15:15:52.805818,83,2025-11-19 19:06:49.431446
37967,18845,2025-07-31 08:07:12.893423,83,2025-07-31 13:32:25.498461
44539,21460,2025-10-07 17:04:01.351795,83,2025-10-08 09:00:27.152752
44313,22293,2025-10-20 18:35:26.913009,83,2025-10-21 07:15:10.681434
40228,24371,2025-11-17 16:55:55.066558,83,2025-11-17 19:03:55.576253
37500,18608,2025-07-22 12:49:46.191275,83,2025-07-22 13:35:31.101054
45389,21323,2025-10-05 13:17:57.466231,83,2025-10-05 16:15:39.394354
49048,24485,2025-11-18 16:05:53.609130,83,2025-11-18 18:49:39.510254
41026,20372,2025-09-17 15:57:52.877735,83,2025-09-17 18:50:10.141024
44414,24832,2025-11-23 09:59:22.703067,83,2025-11-23 18:57:34.202428
37222,21659,2025-10-10 17:51:45.551764,83,2025-10-11 07:14:37.061748
37634,22187,2025-10-19 15:50:48.494969,83,2025-10-19 17:41:24.450169
38361,19249,2025-08-18 13:26:48.835077,83,2025-08-18 15:59:09.876741
43079,20882,2025-09-27 16:50:41.333204,83,2025-09-28 09:24:52.128555
41332,19876,2025-09-06 18:20:32.841425,83,2025-09-08 16:40:28.225387
44861,21639,2025-10-10 14:34:47.987764,83,2025-10-11 06:42:14.746033
40734,20851,2025-09-26 22:37:14.337835,83,2025-09-27 07:08:39.833391
35821,18173,2025-07-05 13:45:52.131181,83,2025-07-15 06:06:33.263847
33551,17851,2025-06-23 08:50:52.036798,83,2025-06-27 17:08:47.499472
44155,20535,2025-09-20 18:59:57.728475,83,2025-09-21 09:04:24.566853
37477,18792,2025-07-29 13:04:19.694863,83,2025-08-13 14:58:45.664877
50082,25201,2025-11-26 23:37:20.094293,83,2025-11-27 08:07:35.455933
47142,23751,2025-11-10 15:35:56.926763,83,2025-11-10 15:47:30.977279
33157,21331,2025-10-05 14:27:19.060761,83,2025-10-05 17:06:07.811531
40621,20731,2025-09-24 14:27:55.525789,83,2025-09-24 16:23:32.092078
40683,21886,2025-10-14 12:09:23.304345,83,2025-10-14 15:49:27.262692
41926,22176,2025-10-19 13:31:22.293488,83,2025-10-19 17:27:42.103535
39061,18906,2025-08-02 23:14:04.395147,83,2025-08-03 07:00:37.601553
34967,19014,2025-08-07 14:00:53.648197,83,2025-08-07 17:59:55.761308
33640,24733,2025-11-21 13:57:31.165622,83,2025-11-21 19:19:22.958682
43061,22069,2025-10-17 12:23:41.879936,83,2025-10-18 07:22:19.017532
38146,23738,2025-11-10 13:51:11.454300,83,2025-11-10 15:28:27.762948
43061,20797,2025-09-25 17:32:45.771821,83,2025-09-25 19:30:53.188149
34967,17983,2025-06-26 17:50:31.696344,83,2025-07-03 18:04:52.585701
33640,18739,2025-07-27 16:29:23.780303,83,2025-07-27 18:26:19.521560
45374,22258,2025-10-20 13:50:42.023442,92,2025-10-20 16:48:31.622766
35702,23504,2025-11-06 15:47:00.155337,92,2025-11-06 17:12:10.999824
43955,21895,2025-10-14 13:59:18.197718,92,2025-10-14 16:18:40.151004
38017,20532,2025-09-20 17:31:36.959802,92,2025-09-20 17:58:35.961237
49582,24942,2025-11-24 14:15:06.172251,92,2025-11-24 17:10:28.976307
42744,23292,2025-11-04 14:40:42.473878,92,2025-11-04 17:12:49.261011
37390,18809,2025-07-29 17:50:41.900471,92,2025-07-29 19:17:18.100615
47306,24416,2025-11-18 08:32:15.879593,92,2025-11-18 10:36:40.731193
45496,22615,2025-10-25 20:07:33.158596,92,2025-10-26 08:36:37.982268
43498,24133,2025-11-14 19:19:00.497587,92,2025-11-15 13:54:25.950059
49335,24273,2025-11-16 20:47:01.129492,92,2025-11-17 08:02:33.687928
44492,21063,2025-09-30 20:42:54.538853,92,2025-10-01 05:30:12.482446
50380,24710,2025-11-21 10:49:56.121449,92,2025-11-21 12:12:54.340176
44148,22252,2025-10-20 13:14:27.397784,92,2025-10-20 16:34:39.991888
38001,20192,2025-09-14 06:58:59.410512,92,2025-09-14 11:19:32.195606
38403,18668,2025-07-24 18:02:44.583644,92,2025-07-25 08:37:39.397337
47793,24201,2025-11-16 09:50:05.435893,92,2025-11-16 13:54:37.664237
40936,20526,2025-09-20 15:20:40.276366,92,2025-09-20 16:26:22.874649
41438,21150,2025-10-02 14:08:26.005360,92,2025-10-03 06:00:10.460879
42034,21330,2025-10-05 14:16:38.734180,92,2025-10-05 16:26:17.448404
37489,21233,2025-10-03 16:14:22.286736,92,2025-10-04 12:07:46.464072
44250,21471,2025-10-07 19:02:34.793572,92,2025-10-08 09:13:45.893264
41262,20076,2025-09-11 12:34:09.124566,92,2025-09-11 16:11:15.692111
38776,18531,2025-07-19 14:00:38.169572,92,2025-07-19 14:36:58.578584
48759,23946,2025-11-12 17:57:51.857903,92,2025-11-12 18:42:48.596447
37941,20924,2025-09-28 16:10:42.143930,92,2025-09-29 08:44:28.812125
48671,23240,2025-11-03 16:20:59.925606,92,2025-11-03 16:50:14.622667
35279,18683,2025-07-25 10:09:38.359912,92,2025-07-25 13:08:30.336697
42709,22548,2025-10-24 14:46:56.483621,92,2025-10-24 18:54:27.789146
42835,21534,2025-10-08 16:20:40.037695,92,2025-10-09 08:58:12.638207
47840,24515,2025-11-18 20:32:52.751359,92,2025-11-19 08:05:04.472360
43979,22719,2025-10-27 10:57:05.239936,92,2025-10-28 08:41:42.278868
40683,20069,2025-09-11 10:09:22.648282,92,2025-09-11 12:26:18.893174
35088,16483,2025-05-22 14:16:38.866083,92,2025-05-23 08:58:40.557058
34884,15138,2025-05-06 07:16:09.002876,92,2025-05-10 09:16:15.234830
34030,15062,2025-05-05 11:56:11.504178,92,2025-05-10 09:09:08.600056
34363,15189,2025-05-06 16:38:24.771534,92,2025-05-10 09:27:39.541581
34268,14739,2025-04-30 15:03:08.543525,92,2025-05-08 07:15:11.025431
35971,17398,2025-06-09 11:58:39.535509,92,2025-06-13 16:02:55.594642
36668,22273,2025-10-20 15:55:45.431142,86,2025-10-20 17:04:55.998615
36975,18886,2025-08-01 11:26:13.937372,86,2025-08-01 12:20:34.171512
45703,24042,2025-11-13 19:56:38.825134,86,2025-11-14 12:14:24.734514
40621,20017,2025-09-10 07:16:00.298117,86,2025-09-10 09:29:54.020721
36668,17857,2025-06-23 11:17:05.704121,86,2025-07-02 15:49:27.181911
35027,24195,2025-11-15 22:08:32.754253,86,2025-11-16 08:08:58.533207
33157,22339,2025-10-21 13:12:22.361224,92,2025-10-21 17:24:30.848800
34967,20243,2025-09-15 10:07:50.987290,92,2025-09-15 12:19:50.717403
32899,21005,2025-09-29 19:19:30.440380,92,2025-09-30 05:52:22.665776
38776,19868,2025-09-06 13:24:28.330661,92,2025-09-08 16:25:31.576647
32290,20921,2025-09-28 15:08:25.411953,92,2025-09-29 08:28:50.050996
34967,23700,2025-11-10 07:47:22.745007,90,2025-11-10 08:21:26.156450
35015,22467,2025-10-23 10:35:57.757049,90,2025-10-23 11:43:44.856356
40207,21567,2025-10-09 12:21:04.115942,89,2025-10-09 17:14:48.335377
44529,23091,2025-11-01 15:16:56.858441,89,2025-11-03 09:33:49.568900
43079,23173,2025-11-02 18:37:45.194533,89,2025-11-02 20:22:09.308024
34998,22708,2025-10-27 09:32:34.252994,89,2025-10-28 08:34:24.657455
41200,20667,2025-09-23 09:36:07.196018,89,2025-09-23 11:39:25.017616
34277,18599,2025-07-21 19:53:34.114327,89,2025-07-22 08:27:44.605643
46212,23757,2025-11-10 15:54:29.292402,89,2025-11-11 08:01:05.659361
35819,19677,2025-09-02 13:24:13.807979,89,2025-09-02 14:07:47.135929
39061,24010,2025-11-13 13:24:17.248657,89,2025-11-13 16:43:51.484349
39414,21509,2025-10-08 13:24:14.973279,88,2025-10-08 15:00:17.774566
33358,19823,2025-09-04 21:58:37.544208,88,2025-09-05 09:30:00.339917
37691,20250,2025-09-15 11:20:51.841496,88,2025-09-15 12:41:56.089727
39964,21708,2025-10-11 17:17:22.043128,88,2025-10-11 17:45:05.559113
40207,23816,2025-11-11 13:49:04.674618,88,2025-11-11 18:57:03.207698
34577,18873,2025-07-31 20:23:50.797165,88,2025-08-01 06:58:32.739748
36323,24051,2025-11-14 06:31:00.113609,88,2025-11-14 12:21:24.267213
33337,21755,2025-10-12 15:17:30.260789,88,2025-10-13 15:57:33.134205
37691,23722,2025-11-10 11:32:08.169437,88,2025-11-10 15:06:26.375708
39061,19081,2025-08-10 20:10:43.279631,88,2025-08-11 08:51:38.240978
40683,24697,2025-11-20 21:47:50.411995,88,2025-11-21 08:34:43.897637
37089,21915,2025-10-14 17:24:24.445827,93,2025-10-19 19:24:56.510989
29678,15054,2025-05-05 10:15:57.181889,83,2025-05-15 06:18:06.547733
35290,21853,2025-10-13 19:47:50.106764,100,2025-10-19 19:22:23.212462
39883,20514,2025-09-20 12:55:41.178230,100,2025-09-24 09:42:47.865140
25911,10552,2025-03-17 17:51:54.119504,100,2025-03-31 12:50:08.910915
23621,6388,2025-01-31 10:40:12.997000,100,2025-02-03 08:10:07.035310
39883,20173,2025-09-13 14:51:45.994367,100,2025-09-16 06:41:18.552073
25180,8087,2025-02-19 21:47:32.440200,100,2025-02-23 18:57:51.267385
29678,15163,2025-05-06 13:00:35.663728,100,2025-05-15 06:32:44.903856
23621,6301,2025-01-30 13:10:13.701011,100,2025-01-30 14:43:36.612988
25911,11995,2025-03-31 14:49:18.888616,100,2025-04-16 09:01:29.745130
39883,20155,2025-09-13 09:47:15.673029,100,2025-09-16 06:38:51.326494
23621,6188,2025-01-29 10:21:54.549092,100,2025-01-30 12:43:16.679282
25180,8121,2025-02-20 13:06:06.955024,100,2025-02-23 19:22:00.197909
25911,15276,2025-05-07 15:36:54.207020,100,2025-05-19 15:56:36.504217
29678,15053,2025-05-05 10:09:02.560484,100,2025-05-14 12:31:13.805328
25927,14057,2025-04-22 14:24:00.176969,100,2025-05-05 06:17:36.216066
23621,6114,2025-01-28 14:10:56.845306,100,2025-01-29 15:37:40.120623
39883,21205,2025-10-03 09:52:05.491053,100,2025-10-06 09:48:57.930502
29152,20903,2025-09-28 11:27:56.723429,100,2025-09-30 14:01:38.752450
25180,4481,2025-01-08 11:57:06.001278,100,2025-01-08 16:32:23.293309
39883,20824,2025-09-26 10:58:33.267852,100,2025-09-30 10:43:56.064469
23866,21269,2025-10-04 14:15:57.284158,100,2025-10-06 13:13:15.899755
23621,6110,2025-01-28 13:30:12.869424,100,2025-01-29 15:28:19.612606
25911,15637,2025-05-12 09:38:53.533379,100,2025-05-22 13:41:30.546849
29152,18527,2025-07-19 11:41:30.559703,100,2025-08-05 08:32:06.105827
25180,3680,2024-12-22 11:29:17.638821,100,2024-12-29 10:44:39.549884
28557,21816,2025-10-13 13:16:00.703198,100,2025-10-19 19:12:01.893642
32241,21410,2025-10-06 18:44:39.447454,100,2025-10-15 10:23:20.167284
37089,22743,2025-10-27 16:35:12.150199,100,2025-11-07 07:52:43.221933
29678,16931,2025-05-29 12:33:10.700206,87,2025-06-05 13:20:34.536877
39883,21960,2025-10-15 14:32:51.642526,87,2025-10-19 19:32:49.214565
29678,13959,2025-04-21 16:49:02.606376,89,2025-05-02 14:12:11.724560
25911,15683,2025-05-12 15:20:20.316913,89,2025-05-22 13:47:59.722457
23621,6111,2025-01-28 13:40:40.032624,89,2025-01-29 15:32:47.583963
28557,17888,2025-06-24 07:53:18.670221,89,2025-07-04 07:08:50.059053
39724,24572,2025-11-19 15:32:02.002903,100,2025-11-20 14:06:57.902193
39883,19985,2025-09-09 07:38:25.522158,100,2025-09-12 06:50:39.593029
37322,22328,2025-10-21 10:27:18.820164,100,2025-10-23 13:51:10.107502
23621,1764,2024-11-21 09:23:08.716497,100,2024-11-21 09:51:50.446202
29957,9301,2025-03-05 11:08:59.774946,100,2025-03-13 07:07:38.106619
25911,9906,2025-03-11 14:42:33.261463,100,2025-03-24 09:51:16.222035
29678,13683,2025-04-17 18:07:06.311145,100,2025-04-28 16:51:03.048319
25180,2980,2024-12-09 18:02:34.411166,100,2024-12-11 09:06:41.195264
40851,23533,2025-11-06 23:17:13.869909,100,2025-11-12 10:59:24.855377
35290,21533,2025-10-08 16:13:27.374314,100,2025-10-16 15:26:25.766222
37089,22653,2025-10-26 15:59:58.760510,100,2025-11-05 11:17:13.228237
32241,21409,2025-10-06 18:42:07.239627,100,2025-10-15 10:19:34.669079
34652,22297,2025-10-20 19:40:27.391247,100,2025-10-23 13:46:41.093629
37322,22326,2025-10-21 10:24:33.982647,100,2025-10-23 13:48:44.670898
39724,24571,2025-11-19 15:22:16.212437,100,2025-11-20 14:03:51.347811
29678,13682,2025-04-17 18:05:40.434573,100,2025-04-28 16:48:24.688977
29957,9300,2025-03-05 11:07:12.946516,100,2025-03-13 07:05:18.247731
25927,10198,2025-03-14 11:09:44.121314,100,2025-03-26 07:05:55.883744
29152,6455,2025-02-01 09:16:09.577051,100,2025-02-03 09:06:56.247760
23621,1763,2024-11-21 08:51:38.939355,100,2024-11-21 09:07:17.491579
32241,21413,2025-10-06 19:12:17.568487,100,2025-10-15 10:29:19.610210
39724,24569,2025-11-19 15:13:41.234473,100,2025-11-20 14:00:48.815007
45711,23647,2025-11-08 18:18:37.221376,100,2025-11-13 14:53:55.032158
37322,21731,2025-10-12 10:45:35.722000,100,2025-10-19 18:51:26.179406
35290,21193,2025-10-03 06:13:37.863781,100,2025-10-06 08:59:02.028759
29152,6190,2025-01-29 10:43:16.890067,100,2025-01-30 12:47:27.743853
25180,2513,2024-12-02 22:34:03.191992,100,2024-12-03 15:47:14.595390
23621,1719,2024-11-20 07:41:43.529909,100,2024-11-20 13:25:31.834588
29678,13680,2025-04-17 18:03:19.893749,100,2025-04-28 16:45:56.794417
28557,17887,2025-06-24 07:50:34.856692,100,2025-07-04 07:05:54.373878
25927,10134,2025-03-13 16:18:16.572080,100,2025-03-25 09:59:29.562767
37089,21550,2025-10-09 08:09:20.442045,100,2025-10-16 15:33:06.947818
39883,19900,2025-09-07 14:47:51.525521,100,2025-09-09 07:50:07.766655
38488,23749,2025-11-10 15:33:20.600061,100,2025-11-13 16:13:13.967304
39724,22656,2025-10-26 16:03:54.481187,100,2025-11-05 11:22:00.746609
34652,19120,2025-08-12 18:06:23.790856,100,2025-08-22 06:37:55.234838
37322,21730,2025-10-12 10:43:30.840089,100,2025-10-19 18:48:32.333939
32241,18891,2025-08-01 21:16:56.245102,100,2025-08-07 06:48:01.302461
41527,23482,2025-11-06 14:12:59.801423,100,2025-11-12 10:52:25.006526
45711,23414,2025-11-05 19:04:36.225870,100,2025-11-12 10:15:15.689433
23621,1691,2024-11-19 15:09:46.761273,100,2024-11-20 13:22:45.370532
25180,2160,2024-11-27 15:12:40.725570,100,2024-11-28 13:48:18.303718
29678,13475,2025-04-15 14:26:02.917755,100,2025-04-24 06:41:04.920005
25911,9139,2025-03-03 15:32:06.978812,100,2025-03-12 20:32:31.420133
29152,6180,2025-01-29 10:07:08.977499,100,2025-01-30 12:40:48.965754
25927,10034,2025-03-12 17:47:09.643726,100,2025-03-24 10:52:28.057896
38488,24984,2025-11-24 18:30:38.381034,,
49563,25239,2025-11-27 13:38:09.113635,,
49563,25258,2025-11-27 15:46:12.243146,,
35290,25078,2025-11-25 16:58:02.988864,,
43932,25192,2025-11-26 19:47:57.163600,,
43932,25080,2025-11-25 16:59:39.232738,,
40851,23534,2025-11-06 23:24:40.077355,39,2025-11-13 14:24:51.691310
29678,15167,2025-05-06 13:10:54.708669,56,2025-05-15 06:34:39.542173
25927,10213,2025-03-14 13:52:14.863055,87,2025-03-26 07:10:19.719465
39883,19943,2025-09-08 09:59:21.831830,87,2025-09-11 07:33:39.221451
40851,23532,2025-11-06 22:46:51.047025,64,2025-11-12 10:57:16.133618
25911,9442,2025-03-07 08:05:21.979510,67,2025-03-13 16:38:35.272362
47803,24234,2025-11-16 15:35:33.661162,97,2025-11-19 16:15:12.897735
28557,15759,2025-05-13 14:19:00.755052,97,2025-05-26 15:31:23.573335
25927,10541,2025-03-17 16:33:57.197691,94,2025-03-28 07:51:06.498276
40546,24047,2025-11-13 21:48:32.711303,94,2025-11-19 15:44:19.213878
35290,21055,2025-09-30 16:59:48.370262,94,2025-10-03 15:42:34.467912
29957,7825,2025-02-17 10:53:57.602518,94,2025-02-19 08:35:26.192099
25927,13765,2025-04-18 17:07:56.870358,78,2025-04-28 17:29:53.948684
29152,6464,2025-02-01 10:17:53.259397,93,2025-02-03 09:21:39.492336
49563,25222,2025-11-27 11:25:33.916837,,
47803,24279,2025-11-16 21:48:36.779940,93,2025-11-19 16:48:13.425984
29957,8120,2025-02-20 13:00:01.708094,93,2025-02-23 19:19:12.077286
39883,19949,2025-09-08 12:28:36.042428,92,2025-09-11 07:36:57.032504
47803,24604,2025-11-19 22:17:30.977706,92,2025-11-20 14:24:46.676327
25911,9492,2025-03-07 16:49:04.078627,92,2025-03-13 16:49:10.460491
25180,2760,2024-12-06 15:24:24.253980,92,2024-12-09 17:37:28.233800
34652,22166,2025-10-19 11:37:57.074067,80,2025-10-19 20:25:29.335474
29678,15169,2025-05-06 13:20:02.097977,80,2025-05-15 06:37:54.202518
28557,20716,2025-09-24 09:05:18.399726,83,2025-09-26 08:52:59.110173
25927,16563,2025-05-23 13:09:04.785174,83,2025-06-04 07:57:42.611135
37097,25264,2025-11-27 16:47:14.732904,,
26074,14808,2025-05-01 16:29:45.275990,100,2025-05-12 08:50:20.560904
39586,23512,2025-11-06 17:17:51.569677,83,2025-11-17 23:26:21.043732
32268,18376,2025-07-13 17:30:09.894072,83,2025-07-19 15:55:46.962390
25570,13186,2025-04-12 18:57:47.291996,83,2025-04-21 21:26:00.183715
38650,20759,2025-09-25 08:18:13.099557,83,2025-10-06 12:55:00.051863
36192,21917,2025-10-14 17:43:13.388520,83,2025-10-21 13:49:34.401557
40768,20842,2025-09-26 15:51:00.892868,83,2025-10-06 13:08:51.468190
45944,22592,2025-10-25 15:10:46.657474,83,2025-11-02 20:11:04.213850
40351,21107,2025-10-01 16:52:03.494896,83,2025-10-02 07:24:14.495539
28140,8018,2025-02-19 10:59:52.613290,83,2025-02-24 23:14:53.481164
32102,13233,2025-04-13 13:37:53.146036,83,2025-04-21 21:32:37.387217
44307,22732,2025-10-27 14:04:49.014163,83,2025-11-04 08:55:21.472814
33444,17650,2025-06-15 15:15:10.017202,83,2025-06-17 14:39:15.339187
30532,12394,2025-04-04 12:52:46.979859,83,2025-04-13 21:35:20.120479
32957,12894,2025-04-09 15:54:28.680028,83,2025-04-17 11:55:43.976983
30743,10042,2025-03-12 19:40:09.255366,83,2025-03-27 16:23:11.773457
36192,20139,2025-09-12 15:58:18.837252,83,2025-09-15 07:25:07.561041
40462,21707,2025-10-11 17:00:29.651058,83,2025-10-20 20:40:32.919497
43320,21163,2025-10-02 15:58:15.671558,83,2025-10-12 19:31:20.451852
39586,20089,2025-09-11 16:19:57.055012,83,2025-09-14 15:52:14.623264
30532,9288,2025-03-05 09:46:41.037576,83,2025-03-10 14:02:32.141722
32398,12876,2025-04-09 13:33:08.928668,83,2025-04-17 11:42:17.667352
44912,21904,2025-10-14 15:53:44.846691,83,2025-10-21 13:33:55.080478
40474,22920,2025-10-29 21:01:33.811375,83,2025-11-04 09:30:13.233900
41033,19829,2025-09-05 10:07:31.617993,83,2025-09-08 15:35:27.051040
35280,17402,2025-06-09 13:06:41.419572,83,2025-06-12 06:55:05.669925
29983,8600,2025-02-25 15:46:56.053331,83,2025-03-08 23:25:10.247118
26921,2489,2024-12-02 18:05:30.858081,83,2024-12-20 10:12:49.971498
26725,2697,2024-12-05 12:34:37.581084,83,2025-01-06 08:29:06.816955
29214,8996,2025-03-02 10:46:09.235013,83,2025-03-20 15:08:18.418311
33345,18648,2025-07-24 09:45:42.197153,83,2025-07-28 08:02:22.210472
29126,12640,2025-04-07 08:52:59.331677,83,2025-04-17 14:09:51.029975
29126,17908,2025-06-24 12:42:39.743076,81,2025-06-26 14:07:25.431909
30532,24300,2025-11-17 09:54:49.760964,81,2025-11-25 09:16:56.127167
27837,13985,2025-04-21 20:30:00.262024,81,2025-04-24 21:26:32.113852
26723,15473,2025-05-10 09:05:54.523656,81,2025-05-15 10:10:11.587333
25431,24183,2025-11-15 18:54:39.548712,81,2025-11-23 21:32:27.065198
26074,7127,2025-02-09 05:54:58.293793,81,2025-02-16 19:46:39.405005
45861,22132,2025-10-18 15:33:10.946972,80,2025-10-27 10:16:57.479994
37206,20630,2025-09-22 13:27:11.419602,80,2025-09-29 08:30:01.261443
29126,13784,2025-04-19 09:54:26.620132,80,2025-04-24 13:34:27.992425
26661,6300,2025-01-30 13:07:16.218800,80,2025-02-03 14:27:26.311602
28953,5441,2025-01-20 17:03:52.910302,80,2025-01-24 09:29:50.681122
26074,5611,2025-01-22 17:32:45.228208,80,2025-01-24 13:32:14.100970
35709,21771,2025-10-12 17:56:01.461942,80,2025-10-21 11:27:43.240860
30092,10180,2025-03-14 08:48:29.367924,80,2025-03-28 08:59:32.323170
26030,8447,2025-02-24 11:53:35.683767,80,2025-03-03 21:48:31.481617
24088,12306,2025-04-03 15:02:01.602805,80,2025-04-13 20:35:08.685846
37206,20177,2025-09-13 16:04:04.318086,80,2025-09-22 04:38:24.629298
29577,18591,2025-07-21 14:32:24.719830,80,2025-07-26 14:09:12.280983
42636,24503,2025-11-18 17:52:59.197051,80,2025-11-25 14:22:06.660111
28603,9480,2025-03-07 15:13:30.139026,83,2025-03-10 15:08:30.517041
37206,20427,2025-09-18 16:22:42.542649,83,2025-09-24 16:38:53.537290
33444,21499,2025-10-08 10:44:15.106073,78,2025-10-20 06:01:34.533319
29577,20344,2025-09-17 08:38:23.072398,78,2025-09-24 13:39:35.760750
43369,22586,2025-10-25 13:27:04.323485,78,2025-11-02 20:07:04.410021
35709,20181,2025-09-13 16:46:22.217815,78,2025-09-22 04:51:47.033021
29983,8599,2025-02-25 15:44:31.843941,78,2025-03-06 21:27:15.463621
43320,21288,2025-10-04 16:42:18.228477,78,2025-10-14 14:18:44.052523
34989,18502,2025-07-17 17:57:07.868999,78,2025-07-26 13:17:59.527730
28304,8216,2025-02-21 14:52:39.356745,78,2025-03-02 20:43:12.736041
39925,21591,2025-10-09 16:56:46.761260,78,2025-10-20 06:26:09.824351
44596,21926,2025-10-15 07:01:33.181991,78,2025-10-15 09:24:31.479695
37659,21219,2025-10-03 13:12:22.476119,78,2025-10-12 20:15:32.430927
38233,19592,2025-08-31 13:02:49.639915,78,2025-09-01 12:52:57.541270
44195,24156,2025-11-15 13:08:06.816818,78,2025-11-23 21:23:10.927137
39842,19916,2025-09-07 17:15:24.111403,78,2025-09-14 13:40:25.286949
43791,21518,2025-10-08 14:08:29.465465,78,2025-10-20 06:11:49.866177
46118,24224,2025-11-16 14:46:43.016588,78,2025-11-24 14:58:55.830822
44697,22130,2025-10-18 14:33:08.335171,78,2025-10-27 10:11:37.401944
46435,22198,2025-10-19 17:14:34.764428,78,2025-10-27 13:53:33.714250
44053,21864,2025-10-14 08:06:33.279523,78,2025-10-21 13:22:31.769424
29126,8901,2025-02-28 16:06:27.917417,78,2025-03-09 22:37:09.090661
37206,18324,2025-07-11 14:48:38.398447,78,2025-07-19 15:11:13.020470
43369,20674,2025-09-23 11:21:40.134241,78,2025-10-02 07:43:49.652017
40768,23145,2025-11-02 14:54:29.125841,83,2025-11-13 11:31:38.960657
36714,22165,2025-10-19 11:36:53.630241,83,2025-10-27 13:13:30.699936
26921,3701,2024-12-22 17:26:13.760523,86,2025-01-13 10:43:02.322554
26725,8417,2025-02-24 08:52:28.069271,86,2025-03-20 12:50:27.264832
39558,20572,2025-09-21 16:39:50.724841,78,2025-09-29 06:34:28.227497
46435,24207,2025-11-16 11:31:14.285521,86,2025-11-23 21:47:32.715834
26074,9557,2025-03-08 15:56:20.498917,86,2025-03-24 08:41:54.873193
29541,15034,2025-05-05 07:05:08.831257,86,2025-05-12 09:48:46.601425
34133,22742,2025-10-27 16:16:36.375399,90,2025-11-04 08:59:40.596959
24459,2978,2024-12-09 17:59:32.321397,93,2025-01-07 14:53:25.811373
26921,3118,2024-12-11 18:00:14.519793,93,2025-01-07 13:29:45.754625
38650,20892,2025-09-28 06:14:48.799606,93,2025-10-06 13:24:20.893330
46435,23079,2025-11-01 12:55:59.689664,93,2025-11-07 10:15:02.425738
28304,13002,2025-04-10 15:11:59.053767,93,2025-04-17 20:51:10.087186
39925,21685,2025-10-11 12:04:12.942377,93,2025-10-20 19:50:36.749886
29126,11375,2025-03-25 14:08:18.924762,93,2025-04-08 13:29:23.606165
25570,13287,2025-04-13 20:24:47.066261,93,2025-04-21 21:43:48.961518
33345,18595,2025-07-21 16:25:14.169069,93,2025-07-26 14:15:03.164862
28603,10531,2025-03-17 15:31:25.747582,93,2025-03-30 20:17:20.293211
29214,8027,2025-02-19 13:07:45.342487,93,2025-02-27 14:51:01.788711
24439,6717,2025-02-03 18:14:42.400806,93,2025-02-10 14:44:19.089862
38332,20007,2025-09-09 15:51:21.377911,93,2025-09-14 15:01:33.643983
35895,20488,2025-09-19 17:24:56.468265,93,2025-09-29 06:22:55.818689
42957,20208,2025-09-14 12:57:44.160286,93,2025-09-22 09:36:58.410716
32268,21695,2025-10-11 14:25:35.615833,93,2025-10-20 20:34:41.776581
36714,18655,2025-07-24 12:53:05.863063,93,2025-07-31 21:31:19.213802
26723,2678,2024-12-05 08:48:18.544026,78,2025-01-03 17:43:26.136837
47651,24577,2025-11-19 16:10:28.224121,90,2025-11-25 14:53:32.020167
41033,19941,2025-09-08 09:47:51.681018,76,2025-09-14 14:12:49.924408
34115,20147,2025-09-12 17:16:15.628410,76,2025-09-15 07:38:48.933980
39842,20215,2025-09-14 15:43:25.230885,76,2025-09-22 13:06:22.116711
35280,18151,2025-07-04 14:29:32.393850,76,2025-07-17 23:07:17.180290
41033,21186,2025-10-02 19:20:22.430433,76,2025-10-12 19:37:24.099481
26723,8680,2025-02-26 11:26:12.462032,76,2025-03-09 10:22:15.089687
30743,20381,2025-09-17 18:18:24.830714,76,2025-09-24 16:07:25.110441
40160,23108,2025-11-01 21:03:12.115762,76,2025-11-07 13:20:07.853889
26661,13981,2025-04-21 20:00:19.560365,75,2025-04-24 21:19:15.952515
39842,23092,2025-11-01 15:44:13.578593,73,2025-11-07 10:25:32.606942
40160,21162,2025-10-02 15:43:27.374254,73,2025-10-12 19:26:31.005297
43878,24221,2025-11-16 14:39:27.877731,73,2025-11-24 14:52:55.619170
25431,20927,2025-09-28 16:17:45.449321,73,2025-10-06 13:43:38.171704
26723,6294,2025-01-30 11:34:33.272786,73,2025-02-03 14:18:04.654512
26921,15469,2025-05-10 08:46:29.238172,90,2025-05-15 09:29:29.094144
32102,18949,2025-08-04 16:55:56.800895,90,2025-08-05 09:35:01.833036
32818,17774,2025-06-19 11:10:30.012810,90,2025-06-23 16:04:48.610821
29126,17159,2025-06-03 13:13:08.619433,90,2025-06-03 14:55:35.562780
27837,5758,2025-01-24 17:55:45.996431,94,2025-01-30 15:30:47.396459
26074,1776,2024-11-21 12:02:30.815952,94,2024-11-21 15:18:34.380775
25130,2841,2024-12-08 07:29:08.613910,94,2025-01-06 15:14:20.010875
32818,12465,2025-04-05 09:25:05.656947,94,2025-04-15 15:51:20.721344
44343,22147,2025-10-18 20:51:31.730446,94,2025-10-27 10:50:49.583429
29541,15033,2025-05-05 06:58:12.753725,94,2025-05-11 22:00:06.346330
33345,18586,2025-07-21 11:59:50.727855,94,2025-07-26 13:50:24.033636
29367,8243,2025-02-21 19:05:41.226555,94,2025-03-02 20:56:40.234843
38780,21833,2025-10-13 15:57:15.913430,94,2025-10-21 12:56:39.944263
34084,17822,2025-06-21 16:04:45.594502,94,2025-06-23 17:32:37.378825
44307,21821,2025-10-13 13:43:36.728204,94,2025-10-21 12:51:04.493324
35895,18429,2025-07-15 16:51:05.449241,94,2025-07-22 09:54:28.090419
33582,13734,2025-04-18 12:49:52.995264,94,2025-04-24 13:21:22.382111
34457,17385,2025-06-09 09:11:55.382459,94,2025-06-12 06:46:28.352022
31868,10942,2025-03-21 15:54:12.477331,94,2025-04-06 14:09:11.278907
45944,22164,2025-10-19 11:31:43.401737,94,2025-10-27 13:07:22.464899
45181,21257,2025-10-04 11:33:37.753129,94,2025-10-14 14:06:24.936344
35709,17208,2025-06-04 14:56:59.483914,94,2025-06-16 08:55:10.279975
35385,20137,2025-09-12 15:50:10.326475,94,2025-09-14 16:03:03.293172
38332,18566,2025-07-20 17:17:59.716959,94,2025-07-26 13:40:43.722389
26732,11230,2025-03-24 13:50:38.025180,94,2025-04-07 08:58:39.106988
34133,16669,2025-05-25 16:10:24.845699,94,2025-05-27 13:45:30.769114
37206,20157,2025-09-13 10:36:15.106916,94,2025-09-15 07:51:52.958544
38536,19341,2025-08-22 14:16:34.123014,94,2025-08-28 12:59:46.298201
43681,24351,2025-11-17 15:04:19.075376,94,2025-11-25 14:10:26.550790
28634,16911,2025-05-29 06:48:36.823021,94,2025-06-03 09:35:47.931483
36209,21969,2025-10-15 16:58:24.811691,94,2025-10-27 10:03:15.290566
29367,17580,2025-06-12 21:10:35.741510,94,2025-06-17 14:18:40.449580
45861,21744,2025-10-12 13:51:43.258679,94,2025-10-21 13:01:48.225677
38665,21780,2025-10-12 19:09:19.065883,94,2025-10-21 11:32:57.402992
33345,19214,2025-08-16 16:08:21.015112,94,2025-08-18 13:51:20.181542
35895,19354,2025-08-22 17:16:58.561421,94,2025-08-28 13:17:42.920355
47881,23766,2025-11-10 17:36:33.702947,94,2025-11-19 09:13:30.286706
29126,11365,2025-03-25 12:32:43.976613,94,2025-04-08 13:23:37.102321
37422,21508,2025-10-08 13:21:11.258977,94,2025-10-20 06:05:27.561738
44912,22948,2025-10-30 10:18:38.159501,94,2025-11-04 15:45:06.310133
32818,13958,2025-04-21 16:40:44.446873,94,2025-04-24 21:09:47.833792
24439,5866,2025-01-26 12:35:15.283250,94,2025-01-30 16:04:13.243857
45861,21916,2025-10-14 17:34:31.883871,94,2025-10-21 13:44:08.730346
37097,24580,2025-11-19 16:32:08.841421,94,2025-11-25 14:57:44.299043
24459,11952,2025-03-31 10:57:46.319450,94,2025-04-12 21:08:09.843687
34115,22964,2025-10-30 14:02:31.898228,94,2025-11-04 09:53:11.777738
28140,12940,2025-04-10 08:16:47.054433,94,2025-04-14 14:07:53.043696
33345,19569,2025-08-30 16:53:42.796287,94,2025-09-01 12:44:26.204178
41033,24001,2025-11-13 12:41:47.936120,94,2025-11-19 23:03:47.512034
39842,23156,2025-11-02 16:25:05.056360,94,2025-11-13 11:51:55.954114
24459,11960,2025-03-31 11:32:05.022581,94,2025-04-12 21:14:51.572363
28953,6677,2025-02-03 13:31:35.076938,94,2025-02-10 14:34:06.770440
26725,11921,2025-03-31 08:02:29.116528,94,2025-04-10 09:07:35.411295
36714,23336,2025-11-05 08:42:32.528740,94,2025-11-17 16:29:10.668301
29541,18189,2025-07-06 10:33:20.233618,94,2025-07-17 23:15:33.043264
30743,20319,2025-09-16 14:46:58.659141,94,2025-09-24 13:09:54.714887
28953,5442,2025-01-20 17:14:02.589416,73,2025-01-24 09:52:06.483501
26782,6766,2025-02-04 11:53:41.463533,73,2025-02-10 15:14:51.734139
26661,11398,2025-03-25 17:05:52.963190,95,2025-04-08 14:12:24.428616
30092,13877,2025-04-20 17:06:47.967867,95,2025-04-24 20:38:56.631104
40351,23959,2025-11-12 21:10:33.777853,95,2025-11-19 10:54:35.519529
39627,21526,2025-10-08 15:26:20.849790,95,2025-10-20 13:33:46.018942
33345,18978,2025-08-05 21:02:29.088237,95,2025-08-13 08:58:21.249381
45181,23313,2025-11-04 17:28:01.367041,95,2025-11-17 10:37:53.545995
30532,19681,2025-09-02 14:04:37.762648,95,2025-09-15 09:40:08.129084
39627,24197,2025-11-16 07:59:53.645044,95,2025-11-23 21:40:51.834469
26725,15480,2025-05-10 10:46:31.205702,95,2025-05-19 08:56:15.114253
32818,18061,2025-06-30 13:56:50.270425,95,2025-07-01 13:17:56.115091
33345,20324,2025-09-16 16:09:25.860774,95,2025-09-24 13:16:39.234142
37659,21585,2025-10-09 15:26:21.624161,95,2025-10-20 14:11:59.328446
30532,15225,2025-05-07 09:33:41.881544,72,2025-05-13 06:54:40.316939
39627,20432,2025-09-18 17:32:14.949249,72,2025-09-24 16:55:12.935513
25431,20585,2025-09-21 19:04:11.397077,72,2025-09-29 07:43:09.477800
41236,21343,2025-10-05 17:57:53.125048,72,2025-10-15 13:57:37.569149
26732,11257,2025-03-24 15:55:58.586232,72,2025-04-07 12:49:08.863238
41033,19947,2025-09-08 12:15:24.929527,72,2025-09-14 14:21:07.491837
38670,20542,2025-09-21 07:06:34.520364,72,2025-09-29 06:28:36.773479
27837,6805,2025-02-04 18:06:38.282391,72,2025-02-10 15:36:03.590698
26921,3083,2024-12-11 10:25:31.338055,72,2025-01-07 15:14:47.104301
39627,24222,2025-11-16 14:43:24.639138,96,2025-11-24 15:10:16.733477
26723,15976,2025-05-16 08:17:57.217639,96,2025-05-20 13:37:44.443065
26074,9560,2025-03-08 16:11:18.668450,96,2025-03-11 12:54:38.759994
26725,16068,2025-05-17 13:27:21.188032,96,2025-05-21 13:39:03.050295
47544,23639,2025-11-08 17:08:32.614252,72,2025-11-17 15:07:21.829678
30092,7338,2025-02-11 11:42:24.660526,72,2025-02-17 09:39:40.130900
35758,17308,2025-06-06 16:02:48.678601,72,2025-06-12 06:39:27.776201
47675,23315,2025-11-04 17:35:17.191695,72,2025-11-17 11:25:57.999986
33444,15885,2025-05-14 20:32:22.652489,72,2025-05-21 07:43:06.795849
25570,2300,2024-11-29 17:57:01.245866,72,2024-12-19 21:55:39.366589
25431,2123,2024-11-26 20:41:41.606858,72,2024-12-17 22:43:27.008226
24088,12305,2025-04-03 14:55:52.503011,71,2025-04-13 20:27:47.994821
32818,17439,2025-06-10 08:53:28.599378,71,2025-06-16 08:59:51.926057
40474,22922,2025-10-29 21:08:15.906197,71,2025-11-04 09:37:09.829954
33444,23399,2025-11-05 16:24:11.761938,71,2025-11-17 21:06:55.783162
29126,14021,2025-04-22 09:45:08.665779,71,2025-04-24 21:50:47.083168
29126,22529,2025-10-24 09:48:19.285287,67,2025-11-04 14:30:14.451077
29126,19955,2025-09-08 14:00:24.772865,67,2025-09-16 14:26:51.109755
26725,17295,2025-06-06 12:02:18.327387,67,2025-06-16 09:47:46.501496
26725,16118,2025-05-18 11:03:49.525913,67,2025-05-21 15:01:37.057340
29126,18099,2025-07-02 09:29:22.732679,67,2025-07-07 13:39:24.256562
26074,9421,2025-03-06 18:29:47.368146,90,2025-03-22 23:02:39.654278
45861,22746,2025-10-27 17:36:58.209701,90,2025-11-04 09:04:23.106323
37659,23209,2025-11-03 12:09:41.802745,67,2025-11-13 16:15:38.501241
29577,18500,2025-07-17 16:09:17.725616,67,2025-07-26 12:53:11.697445
33444,19792,2025-09-04 10:15:32.418343,67,2025-09-08 09:32:50.521414
26030,5830,2025-01-25 19:12:08.688216,67,2025-01-30 15:36:38.979829
49705,24213,2025-11-16 12:39:02.929965,67,2025-11-23 21:56:05.734249
32799,20251,2025-09-15 11:49:20.605245,67,2025-09-22 13:26:56.446166
42636,23054,2025-10-31 19:59:05.896687,67,2025-11-07 10:07:40.811539
40100,21448,2025-10-07 14:30:28.522040,67,2025-10-16 13:35:51.723037
25130,2672,2024-12-05 05:01:16.520352,67,2025-01-03 16:29:07.612126
26030,5828,2025-01-25 19:10:08.835306,67,2025-02-02 21:32:44.240381
35804,20791,2025-09-25 14:50:39.718447,67,2025-10-06 13:03:06.440749
42230,21799,2025-10-13 11:20:46.677350,67,2025-10-21 11:54:34.389424
29273,7352,2025-02-11 14:06:02.529167,67,2025-02-18 14:30:41.164267
35341,18677,2025-07-25 09:05:39.022121,67,2025-07-31 21:44:32.315198
29577,17220,2025-06-04 17:38:14.419986,67,2025-06-16 09:15:20.042986
26325,3311,2024-12-15 16:22:46.196764,67,2025-01-07 15:00:15.966659
28953,7831,2025-02-17 11:28:29.794389,90,2025-02-19 00:03:27.814354
28140,10469,2025-03-17 10:13:19.455931,90,2025-03-30 19:44:05.041857
28603,9482,2025-03-07 15:18:12.710905,61,2025-03-10 15:16:18.778531
38611,21152,2025-10-02 14:21:20.185601,61,2025-10-12 19:16:06.622458
25835,5267,2025-01-19 12:27:12.116980,61,2025-01-24 07:31:05.581884
33444,19794,2025-09-04 10:24:02.462038,60,2025-09-08 15:17:17.031819
45145,22391,2025-10-22 09:45:39.155819,60,2025-11-03 09:22:07.009794
38670,20879,2025-09-27 15:58:35.762147,60,2025-10-06 13:14:27.099432
24088,12421,2025-04-04 15:26:51.108312,58,2025-04-09 09:14:29.591701
49652,23974,2025-11-13 09:22:00.883226,56,2025-11-20 09:56:51.410792
34989,15370,2025-05-08 19:44:35.228047,56,2025-05-15 09:20:03.305323
30092,15234,2025-05-07 10:39:51.825138,89,2025-05-13 07:01:41.567103
35341,24298,2025-11-17 09:35:29.414007,53,2025-11-25 09:12:03.892162
33444,21937,2025-10-15 10:08:53.796839,89,2025-10-27 08:26:48.027484
38424,23317,2025-11-04 17:39:16.194988,28,2025-11-17 15:49:14.039556
23630,3819,2024-12-27 10:16:35.531023,28,2025-01-13 13:45:07.427960
35752,19637,2025-09-01 12:57:02.900263,22,2025-09-01 13:26:20.432626
23630,3818,2024-12-27 10:12:33.923962,6,2025-01-13 13:40:07.160057
24088,12325,2025-04-03 17:29:16.924311,0,2025-04-13 20:54:35.377472
26921,15369,2025-05-08 19:39:14.609307,0,2025-05-15 09:11:56.154775
45145,24737,2025-11-21 14:14:05.835295,,
45181,24845,2025-11-23 12:22:13.392596,,
46435,25108,2025-11-25 22:30:29.054123,,
45145,24746,2025-11-21 14:50:23.223216,,
46435,24780,2025-11-21 22:15:33.541951,,
37422,24834,2025-11-23 10:05:11.845954,,
39842,24896,2025-11-23 20:48:05.524396,,
37409,25175,2025-11-26 16:49:41.973586,,
37332,24959,2025-11-24 15:25:04.208792,,
35280,24948,2025-11-24 14:42:31.786173,,
39925,25257,2025-11-27 15:42:09.067307,,
36192,25282,2025-11-27 19:25:13.021327,,
49705,24972,2025-11-24 17:12:16.957609,,
44307,24945,2025-11-24 14:23:41.716771,,
40879,25275,2025-11-27 18:01:12.477829,,
42668,25166,2025-11-26 16:02:12.768151,,
40879,25183,2025-11-26 17:52:30.973318,,
48889,24915,2025-11-24 08:41:17.762055,,
42876,24792,2025-11-22 11:03:36.336499,,
38233,25109,2025-11-25 22:35:40.806881,,
40768,20884,2025-09-27 17:40:33.839695,87,2025-10-06 13:19:13.213116
40879,25246,2025-11-27 14:08:36.446110,,
44138,25279,2025-11-27 18:57:49.498463,,
38233,25107,2025-11-25 22:26:41.231331,,
48889,24731,2025-11-21 13:55:55.018564,,
35752,24981,2025-11-24 18:07:45.387464,,
26723,9062,2025-03-02 20:40:34.911033,89,2025-03-10 12:22:48.660162
37206,23406,2025-11-05 17:09:23.167895,89,2025-11-17 21:24:30.851810
39627,21918,2025-10-14 18:13:12.408333,89,2025-10-21 13:58:58.228202
24439,9977,2025-03-12 12:45:14.764830,89,2025-03-27 15:59:05.965752
26732,13135,2025-04-12 06:25:47.794420,89,2025-04-21 20:53:40.890769
30092,13651,2025-04-17 15:03:58.495685,89,2025-04-24 13:09:49.877815
28603,11190,2025-03-24 10:06:31.820823,89,2025-04-07 08:36:17.781899
28953,7973,2025-02-18 18:17:49.784703,89,2025-02-24 22:29:25.573460
26030,7142,2025-02-09 12:12:12.773452,89,2025-02-16 20:01:14.134185
25130,6001,2025-01-27 13:35:12.995608,89,2025-02-04 14:25:43.256677
32102,14821,2025-05-01 19:11:14.621157,89,2025-05-07 23:13:28.077936
43369,22598,2025-10-25 16:25:53.417711,89,2025-11-02 20:21:46.182320
38536,20910,2025-09-28 13:12:46.661009,89,2025-10-06 13:30:27.587863
41033,21141,2025-10-02 12:27:08.205258,89,2025-10-12 19:10:16.613231
32268,21694,2025-10-11 14:21:29.338022,89,2025-10-20 20:27:44.658241
34133,19223,2025-08-17 10:21:30.419383,89,2025-08-18 13:57:35.617248
26723,6615,2025-02-02 21:22:28.922244,89,2025-02-10 12:58:43.751863
45143,22572,2025-10-25 07:42:10.927781,89,2025-11-02 20:00:49.239160
46435,22929,2025-10-29 23:27:08.388716,89,2025-11-04 09:42:19.910773
40160,21134,2025-10-02 10:38:26.832187,89,2025-10-06 14:11:18.716569
37097,24214,2025-11-16 13:10:41.141946,89,2025-11-23 22:01:23.841112
29577,18100,2025-07-02 10:47:47.073921,89,2025-07-07 13:46:18.733718
44320,22945,2025-10-30 10:06:11.098796,89,2025-11-04 09:46:28.387517
29214,8195,2025-02-21 10:51:19.013721,89,2025-03-02 20:33:43.477506
47544,24591,2025-11-19 18:23:30.036961,89,2025-11-25 14:33:46.616718
30743,15196,2025-05-06 18:33:49.213688,89,2025-05-13 06:45:28.209787
28953,4686,2025-01-11 14:41:18.563965,89,2025-01-16 14:04:17.936935
26661,5683,2025-01-23 15:42:50.567973,89,2025-01-29 10:50:15.253298
47881,22628,2025-10-26 10:55:18.454044,89,2025-11-04 14:52:32.699802
28147,9825,2025-03-10 18:38:06.485815,89,2025-03-24 15:52:18.000239
41236,19923,2025-09-07 19:48:32.849032,89,2025-09-15 13:29:15.330255
44477,21933,2025-10-15 08:58:13.680727,89,2025-10-27 08:19:42.263796
39087,19380,2025-08-23 17:22:58.956030,89,2025-09-01 14:02:53.348456
30393,16838,2025-05-27 16:26:24.676271,89,2025-06-02 08:46:29.591661
32102,11025,2025-03-22 21:19:07.216678,89,2025-04-07 08:20:44.600722
32017,11934,2025-03-31 09:08:01.244057,89,2025-04-10 09:12:39.528424
38670,20194,2025-09-14 07:25:18.998465,89,2025-09-22 05:33:21.419355
36209,20161,2025-09-13 11:07:19.417248,89,2025-09-16 14:46:45.824232
27851,21198,2025-10-03 07:58:23.346008,89,2025-10-12 19:58:02.779111
39925,20083,2025-09-11 14:57:24.855774,89,2025-09-14 15:43:33.187437
39627,19867,2025-09-06 13:22:49.860543,89,2025-09-11 07:56:40.934724
42668,21845,2025-10-13 18:24:12.992177,89,2025-10-21 13:02:01.952024
45861,21528,2025-10-08 15:34:11.236868,89,2025-10-20 06:20:13.430165
34079,18561,2025-07-20 16:15:42.228870,89,2025-07-26 13:33:28.408592
30972,15112,2025-05-05 17:03:09.682004,89,2025-05-11 22:06:55.289483
47723,22993,2025-10-30 17:52:36.358496,89,2025-11-04 09:58:48.744578
37332,21265,2025-10-04 13:28:31.493824,89,2025-10-14 14:12:11.183084
40768,19967,2025-09-08 16:45:28.082997,89,2025-09-14 14:29:57.362270
36778,22534,2025-10-24 10:12:48.190268,89,2025-11-02 19:42:01.921512
44138,22144,2025-10-18 18:00:50.913462,89,2025-10-27 10:22:46.070176
30092,9238,2025-03-04 14:14:00.061920,83,2025-03-20 16:55:34.208119
28304,4967,2025-01-14 17:01:42.464452,89,2025-01-15 22:23:47.057360
26661,5639,2025-01-23 07:44:45.302691,87,2025-01-24 13:48:45.347940
25117,2056,2024-11-26 00:12:44.003688,87,2024-11-27 15:15:26.628041
26725,6006,2025-01-27 13:58:51.088148,87,2025-02-02 22:03:46.426345
45944,22652,2025-10-26 15:52:51.015603,87,2025-11-02 20:28:02.439594
34133,17790,2025-06-20 06:54:58.579758,87,2025-06-23 17:24:35.802110
39842,23154,2025-11-02 15:46:55.647745,87,2025-11-13 11:36:48.629339
33444,17990,2025-06-26 21:30:50.649875,87,2025-06-30 13:22:28.910229
26732,13345,2025-04-14 11:43:02.935044,87,2025-04-21 21:53:03.817022
41033,21161,2025-10-02 15:38:02.647733,87,2025-10-12 19:21:14.757181
29367,17637,2025-06-15 12:51:42.609390,87,2025-06-19 12:34:41.520968
45222,23263,2025-11-03 22:59:20.202632,87,2025-11-04 09:02:46.165405
30743,16358,2025-05-20 16:26:22.666839,87,2025-05-24 21:34:16.921501
32268,18378,2025-07-13 19:31:10.565764,87,2025-07-22 09:46:30.844748
45861,21754,2025-10-12 15:08:20.404007,87,2025-10-20 20:45:39.017587
39586,23662,2025-11-09 09:35:30.221597,87,2025-11-18 15:54:38.885062
34989,17606,2025-06-13 18:09:14.046684,87,2025-06-16 09:41:32.857104
40534,21690,2025-10-11 13:26:40.249307,87,2025-10-21 12:47:39.481999
32102,18663,2025-07-24 16:06:22.565270,87,2025-07-31 21:38:29.928377
32818,14047,2025-04-22 13:32:49.418290,87,2025-04-27 20:05:12.871832
39627,21136,2025-10-02 11:17:59.062119,87,2025-10-12 18:52:31.376164
30743,20035,2025-09-10 14:38:02.608672,87,2025-09-14 15:11:19.925133
26725,7468,2025-02-12 16:47:09.282743,87,2025-02-17 09:45:39.481905
28140,9792,2025-03-10 15:20:55.715159,87,2025-03-24 14:51:19.000269
34133,19210,2025-08-16 13:32:44.130139,87,2025-08-18 13:44:16.102116
30092,12379,2025-04-04 10:35:49.671874,87,2025-04-13 21:28:19.157435
26723,7380,2025-02-11 18:32:39.099252,87,2025-02-18 22:07:20.115679
44320,23448,2025-11-06 10:17:54.155691,87,2025-11-17 22:31:43.088267
40351,22997,2025-10-30 19:54:21.850582,87,2025-11-04 10:03:56.224871
24459,1107,2024-11-08 10:09:03.215093,100,2024-11-13 10:25:51.042633
27337,4438,2025-01-07 17:19:31.016235,100,2025-01-13 14:14:13.867259
26881,3207,2024-12-13 11:58:14.018852,100,2025-01-07 14:48:39.140251
29214,5200,2025-01-18 10:02:49.554867,100,2025-01-21 09:44:38.589733
28953,4551,2025-01-09 12:39:10.771987,100,2025-01-16 13:21:14.201557
28603,4087,2025-01-02 20:22:24.001199,100,2025-01-08 14:33:19.692948
23563,401,2024-10-17 16:25:21.513977,100,2024-10-22 12:40:33.125860
25117,1462,2024-11-16 17:22:47.724848,100,2024-11-20 10:12:10.484084
26782,5265,2025-01-19 12:14:49.159893,100,2025-01-22 13:17:41.521612
28634,6355,2025-01-30 19:08:45.012784,100,2025-02-06 09:56:45.752734
24439,2055,2024-11-25 22:17:32.374493,100,2024-11-27 15:07:54.351384
24591,1351,2024-11-13 19:13:07.147823,100,2024-11-19 14:47:16.466832
28140,5481,2025-01-21 09:40:47.736915,100,2025-01-29 10:27:32.881268
26030,1513,2024-11-17 17:09:47.045248,100,2024-11-20 10:29:27.997415
26661,5510,2025-01-21 13:57:01.491068,100,2025-01-29 10:34:58.476457
25581,6218,2025-01-29 14:23:53.830397,100,2025-02-06 08:59:45.097274
33621,18466,2025-07-16 17:24:22.388648,100,2025-07-22 10:05:20.633433
45145,22332,2025-10-21 10:52:49.575150,100,2025-10-30 14:54:13.783516
40100,20265,2025-09-15 14:22:01.050942,100,2025-09-16 14:51:18.837268
47458,22248,2025-10-20 12:20:26.209706,100,2025-10-29 13:10:35.410497
40534,19840,2025-09-05 14:02:28.303791,100,2025-09-15 13:23:52.659326
45193,24318,2025-11-17 12:12:53.214639,100,2025-11-25 13:51:25.683535
39876,21397,2025-10-06 16:32:52.883587,100,2025-10-15 14:15:03.253214
35368,18514,2025-07-18 15:36:28.571628,100,2025-08-04 12:39:08.918762
39018,18938,2025-08-04 11:02:57.093004,100,2025-08-04 13:38:58.791990
40351,19461,2025-08-26 16:11:46.211124,100,2025-09-01 15:10:26.081664
48876,24589,2025-11-19 18:12:48.849178,100,2025-11-20 09:50:00.439639
23988,11967,2025-03-31 12:03:27.293065,100,2025-04-07 13:32:18.315815
47651,24333,2025-11-17 13:44:14.452394,100,2025-11-25 13:56:32.026046
46024,23155,2025-11-02 16:08:55.149939,100,2025-11-13 13:38:59.634622
42957,20438,2025-09-18 18:53:25.303455,100,2025-09-29 06:17:02.598950
45865,23825,2025-11-11 15:38:07.858073,100,2025-11-19 09:49:53.261691
28560,16630,2025-05-24 15:39:55.894625,100,2025-05-27 13:28:09.354097
48889,23648,2025-11-08 18:25:36.386340,100,2025-11-17 15:11:47.833450
45222,22101,2025-10-17 18:52:49.237942,100,2025-10-27 14:43:01.931166
34115,19984,2025-09-09 07:23:47.183732,100,2025-09-15 13:56:34.161771
42876,23388,2025-11-05 15:07:08.096641,100,2025-11-13 14:08:53.780209
45088,21399,2025-10-06 16:55:30.088747,100,2025-10-16 13:02:07.422477
44263,24289,2025-11-17 08:33:22.871580,100,2025-11-25 09:05:28.939231
42871,20699,2025-09-23 17:14:49.144043,100,2025-10-06 09:32:39.099396
43878,21356,2025-10-05 21:24:07.340262,100,2025-10-15 14:01:38.565368
36714,17780,2025-06-19 15:58:22.691066,100,2025-06-23 16:10:38.589180
38178,20524,2025-09-20 15:02:16.033290,100,2025-09-29 14:57:38.139170
43227,24283,2025-11-17 06:55:54.148169,100,2025-11-25 09:01:35.741457
32335,22516,2025-10-23 23:25:48.232962,100,2025-10-30 14:57:00.788717
40879,19813,2025-09-04 15:30:36.110230,100,2025-09-15 13:18:44.301826
48024,23708,2025-11-10 08:50:41.783257,100,2025-11-18 15:08:14.717273
43681,24350,2025-11-17 15:01:16.841365,100,2025-11-25 14:04:56.863622
44320,21368,2025-10-06 10:08:47.035671,100,2025-10-15 14:05:40.765994
45143,21653,2025-10-10 16:12:22.245717,100,2025-10-21 12:33:30.279400
37422,23660,2025-11-09 09:08:20.509946,100,2025-11-18 14:53:16.018782
34133,15354,2025-05-08 16:19:30.503614,100,2025-05-13 14:19:57.422011
37097,20571,2025-09-21 16:29:49.906410,100,2025-10-01 13:56:23.530386
41808,24519,2025-11-19 00:28:54.858119,100,2025-11-25 14:28:18.151947
40160,19474,2025-08-27 10:37:46.487248,100,2025-09-01 15:14:45.566629
49816,24643,2025-11-20 14:08:35.114303,100,2025-11-25 15:16:19.042061
32268,16182,2025-05-18 20:47:31.221112,100,2025-05-26 08:43:22.852083
38536,18708,2025-07-26 12:19:46.758752,100,2025-08-04 13:06:16.052869
38665,20890,2025-09-27 20:48:19.950546,100,2025-10-06 08:55:05.199525
38650,19699,2025-09-02 18:14:21.199136,100,2025-09-15 09:45:40.121218
49705,23681,2025-11-09 15:41:58.986333,100,2025-11-19 08:53:43.427606
33654,14041,2025-04-22 11:47:27.253847,100,2025-04-23 14:16:22.240411
45231,22484,2025-10-23 14:21:59.340270,100,2025-11-04 09:09:36.514849
32799,19745,2025-09-03 08:08:45.825921,100,2025-09-15 09:48:55.172563
31196,13449,2025-04-15 09:41:40.896438,100,2025-04-28 09:43:58.530209
40158,19133,2025-08-13 10:42:13.936922,100,2025-08-14 14:05:21.653050
24459,2167,2024-11-27 16:32:11.631544,100,2024-12-19 15:14:27.962429
25117,1463,2024-11-16 17:27:43.070882,100,2024-11-20 10:16:05.498034
24439,3852,2024-12-27 22:15:52.647801,100,2025-01-13 13:51:23.360953
26074,5046,2025-01-15 17:50:43.370164,100,2025-01-21 09:08:39.228849
26723,5188,2025-01-17 18:09:25.638075,100,2025-01-20 13:21:22.126329
26782,5266,2025-01-19 12:22:59.200352,100,2025-01-22 13:24:19.240134
26725,5228,2025-01-18 17:20:10.731719,100,2025-01-20 13:33:45.285143
49705,24126,2025-11-14 17:48:43.138004,100,2025-11-24 14:59:38.334380
39018,19337,2025-08-22 09:27:47.811942,100,2025-08-28 12:44:50.895989
38332,18740,2025-07-27 16:32:39.302517,100,2025-08-04 13:29:42.026330
42668,23649,2025-11-08 18:26:25.261745,100,2025-11-18 09:53:42.664156
40316,23085,2025-11-01 14:35:23.607520,100,2025-11-10 10:47:05.295613
45145,22335,2025-10-21 11:53:38.002183,100,2025-10-29 13:20:52.802485
44138,23820,2025-11-11 14:59:19.443754,100,2025-11-18 15:35:29.442700
33582,16718,2025-05-26 10:38:04.884340,100,2025-05-27 14:14:56.348078
35368,18723,2025-07-27 07:49:35.049328,100,2025-08-04 13:12:20.680218
34457,19433,2025-08-25 17:46:34.875634,100,2025-09-01 14:56:00.514300
36714,18155,2025-07-04 15:18:37.388233,100,2025-07-10 14:36:52.261094
34115,21157,2025-10-02 15:02:52.947153,100,2025-10-06 09:04:57.270427
45231,23760,2025-11-10 16:31:14.471621,100,2025-11-19 09:05:13.670607
43791,22367,2025-10-21 18:11:11.217345,100,2025-10-30 15:05:57.993082
40534,21684,2025-10-11 12:00:37.264153,100,2025-10-21 12:40:16.624897
39558,24256,2025-11-16 17:22:00.425673,100,2025-11-25 08:51:33.587026
45181,22127,2025-10-18 13:10:51.363297,100,2025-10-27 08:47:13.207533
35280,18056,2025-06-30 08:43:48.506411,100,2025-07-01 07:32:45.167841
43878,24114,2025-11-14 15:20:38.694430,100,2025-11-24 14:53:37.630882
29541,16387,2025-05-21 09:00:50.688261,100,2025-05-26 13:37:49.275961
35341,21608,2025-10-10 09:15:52.357086,100,2025-10-21 12:25:28.186756
40879,22192,2025-10-19 16:20:35.822717,100,2025-10-27 09:12:18.379979
42871,21420,2025-10-06 22:39:37.201185,100,2025-10-16 13:28:34.997271
25225,19224,2025-08-17 12:48:07.107163,100,2025-08-18 14:12:15.013627
45222,23131,2025-11-02 13:14:41.923898,100,2025-11-13 13:35:21.561826
26074,5271,2025-01-19 12:57:16.458771,100,2025-01-22 13:32:16.148047
24439,4852,2025-01-13 11:08:22.263927,100,2025-01-16 14:49:49.206251
33582,16719,2025-05-26 10:48:29.162593,100,2025-05-27 14:20:02.910611
29541,16540,2025-05-23 08:52:23.680756,100,2025-05-27 08:35:38.645532
35280,22596,2025-10-25 15:58:43.678404,100,2025-11-02 20:15:36.137268
38665,24686,2025-11-20 18:57:10.873174,100,2025-11-25 15:45:12.359125
42668,24041,2025-11-13 19:32:36.540759,100,2025-11-20 10:23:08.207411
47881,23809,2025-11-11 12:45:12.055095,100,2025-11-18 15:21:45.160756
28140,9086,2025-03-03 09:01:06.558722,100,2025-03-10 12:35:17.142949
44307,23231,2025-11-03 15:16:12.291178,100,2025-11-17 13:41:04.091865
40100,21520,2025-10-08 14:13:55.783523,100,2025-10-20 06:15:11.567888
36714,18168,2025-07-05 10:12:03.336972,100,2025-07-10 14:44:04.807191
34457,19434,2025-08-25 17:49:05.955391,100,2025-09-01 15:00:41.706333
42871,21913,2025-10-14 17:10:13.915162,100,2025-10-21 13:08:16.998999
45181,22329,2025-10-21 10:42:18.153376,100,2025-10-30 09:56:33.860889
45143,23798,2025-11-11 10:18:23.645071,100,2025-11-19 09:43:04.894219
43320,24649,2025-11-20 14:39:33.792567,100,2025-11-25 15:26:54.667540
38332,18992,2025-08-06 14:56:35.882280,100,2025-08-13 09:22:51.977482
38536,19378,2025-08-23 16:41:41.879153,100,2025-09-01 13:53:47.255480
36209,21971,2025-10-15 17:07:20.263713,100,2025-10-27 10:07:56.855156
37332,23083,2025-11-01 14:13:33.060695,100,2025-11-07 10:20:10.349023
44320,23885,2025-11-12 08:41:49.633881,100,2025-11-19 10:23:09.132067
35895,19328,2025-08-21 17:49:20.445388,100,2025-08-28 12:38:21.537129
27837,13570,2025-04-16 16:11:21.905415,100,2025-04-28 07:44:15.876271
36192,22422,2025-10-22 15:56:54.905429,100,2025-11-03 10:10:43.456026
39627,20433,2025-09-18 17:41:49.872324,100,2025-09-23 12:48:50.621897
45145,22355,2025-10-21 15:57:55.007675,100,2025-10-29 13:29:23.761487
39018,19374,2025-08-23 13:36:08.731902,100,2025-09-01 13:41:24.580645
25117,3240,2024-12-13 20:25:47.460151,100,2025-01-07 14:53:09.491799
28953,5220,2025-01-18 16:08:05.307242,100,2025-01-20 13:39:18.537346
26074,5121,2025-01-16 19:30:21.242782,100,2025-01-20 10:42:23.535010
26725,7029,2025-02-07 12:34:59.535877,100,2025-02-17 08:16:29.968596
25130,6003,2025-01-27 13:39:50.499171,100,2025-02-04 14:30:48.754658
39627,21077,2025-10-01 08:19:06.683168,100,2025-10-02 07:34:04.132524
37332,23797,2025-11-11 10:17:51.885364,100,2025-11-19 09:35:54.290805
26661,11494,2025-03-26 16:19:08.328066,100,2025-04-09 07:50:48.034497
29541,18149,2025-07-04 12:10:08.120543,100,2025-07-10 14:33:38.175333
26028,15791,2025-05-13 20:15:17.204393,100,2025-05-21 07:35:01.475525
35895,19771,2025-09-03 16:53:18.664847,100,2025-09-15 13:15:01.910733
30092,11875,2025-03-30 18:26:12.858791,100,2025-04-10 08:56:29.426762
39018,20470,2025-09-19 12:23:32.437107,100,2025-09-29 14:27:41.463237
42871,22207,2025-10-19 18:40:53.685733,100,2025-10-27 13:58:36.882322
25431,21329,2025-10-05 14:16:10.104391,100,2025-10-15 13:47:00.554189
40768,21454,2025-10-07 15:37:07.508435,100,2025-10-16 13:41:19.219645
32818,14568,2025-04-28 13:18:50.439847,100,2025-05-12 08:02:21.435766
46435,23529,2025-11-06 21:18:13.166359,100,2025-11-13 14:36:52.043887
26732,11565,2025-03-27 11:38:31.505867,100,2025-04-09 07:54:58.311821
45944,23713,2025-11-10 09:55:47.826243,100,2025-11-18 15:14:26.986595
44320,23663,2025-11-09 09:38:46.476582,100,2025-11-18 15:59:29.102515
39925,23541,2025-11-07 09:22:52.956448,100,2025-11-13 14:44:59.041622
39842,21414,2025-10-06 19:21:15.590927,100,2025-10-16 13:17:09.616878
45145,22385,2025-10-22 08:21:29.269186,100,2025-11-03 09:14:54.666492
44307,23919,2025-11-12 14:14:17.423060,100,2025-11-19 10:32:51.615657
38332,19033,2025-08-08 13:16:04.825226,100,2025-08-14 13:09:59.367040
30743,18965,2025-08-05 13:40:34.421444,100,2025-08-13 08:15:17.949003
42636,24505,2025-11-18 18:14:22.802689,100,2025-11-24 16:00:15.514248
45143,23411,2025-11-05 18:12:34.329726,100,2025-11-13 14:17:40.444276
45181,22815,2025-10-28 15:00:11.599205,100,2025-11-04 15:27:07.221712
40100,24365,2025-11-17 16:13:29.777833,100,2025-11-24 15:37:14.108086
40351,23856,2025-11-11 18:32:44.929089,100,2025-11-19 09:55:37.235016
33582,17060,2025-06-01 10:20:17.797592,100,2025-06-03 14:39:08.303502
37659,22318,2025-10-21 09:30:50.093922,100,2025-10-29 14:56:14.150683
35280,22034,2025-10-16 16:50:59.586763,100,2025-10-27 10:45:25.329199
40160,22140,2025-10-18 16:56:04.899587,100,2025-10-27 09:01:05.361197
43320,23936,2025-11-12 16:32:07.135450,100,2025-11-19 10:45:31.920154
36714,18899,2025-08-02 14:30:32.222430,100,2025-08-04 14:03:29.873235
36192,23689,2025-11-09 18:08:44.225709,100,2025-11-19 08:58:49.443399
35368,19025,2025-08-07 18:45:13.040608,100,2025-08-14 13:05:58.427781
27837,14519,2025-04-28 07:41:50.623101,100,2025-05-07 14:05:54.372613
26030,5862,2025-01-26 12:04:46.251869,100,2025-01-30 15:57:33.456973
26921,3883,2024-12-28 19:06:57.608646,100,2025-01-08 08:58:32.924949
40160,22190,2025-10-19 16:18:59.275300,100,2025-10-27 09:07:24.321941
29541,17797,2025-06-20 13:23:42.385212,100,2025-06-24 12:30:01.707188
35368,19411,2025-08-24 18:13:39.773985,100,2025-09-01 14:33:44.177195
32102,18021,2025-06-28 11:23:55.146410,100,2025-06-30 13:42:50.228814
40351,24683,2025-11-20 18:39:54.297054,100,2025-11-25 15:34:54.598145
40100,24640,2025-11-20 14:00:59.662585,100,2025-11-25 15:02:49.751136
30532,16258,2025-05-19 15:59:09.129940,100,2025-05-20 13:54:39.726841
39018,21683,2025-10-11 11:54:13.841381,100,2025-10-20 19:46:20.046469
37659,22957,2025-10-30 12:24:01.936177,100,2025-11-04 15:50:36.901148
46435,22587,2025-10-25 13:58:35.154983,100,2025-11-04 14:45:34.971210
42871,23110,2025-11-01 22:47:03.543963,100,2025-11-10 10:53:40.601265
45944,23855,2025-11-11 18:21:05.979195,100,2025-11-18 15:42:25.532307
26028,15792,2025-05-13 20:32:27.512273,100,2025-05-21 07:49:23.217473
36192,23773,2025-11-10 18:12:39.233555,100,2025-11-19 09:18:03.052817
41033,22231,2025-10-20 09:05:38.761218,100,2025-10-29 09:43:15.271545
34115,22477,2025-10-23 13:23:08.625954,100,2025-11-03 15:10:00.375833
33582,16835,2025-05-27 16:12:01.678461,100,2025-05-28 13:49:12.131363
32818,15659,2025-05-12 12:25:02.989788,100,2025-05-20 14:56:06.851164
27837,13125,2025-04-11 20:10:06.401696,100,2025-04-22 09:43:32.156136
33040,20471,2025-09-19 12:37:43.855813,100,2025-09-29 14:41:32.415074
40768,22419,2025-10-22 15:41:37.868159,100,2025-10-29 13:40:55.720754
29367,19003,2025-08-06 20:44:48.364760,100,2025-08-13 09:34:38.080260
33345,19206,2025-08-16 10:18:35.887865,100,2025-08-18 08:47:59.514383
35280,20090,2025-09-11 16:30:22.091443,100,2025-09-16 14:38:50.213627
39925,24046,2025-11-13 21:47:42.588685,100,2025-11-24 14:40:45.473115
35895,21105,2025-10-01 16:14:32.401915,100,2025-10-02 07:29:48.305749
44320,24070,2025-11-14 09:49:34.278213,100,2025-11-24 14:47:57.508214
26732,13524,2025-04-16 12:04:27.353638,100,2025-04-29 15:08:23.145099
33582,16722,2025-05-26 11:38:00.430817,100,2025-05-27 14:25:21.207153
37206,22481,2025-10-23 14:05:36.113312,100,2025-11-03 15:15:52.306251
45145,24715,2025-11-21 11:19:05.615983,100,2025-11-26 09:44:15.357160
40768,23105,2025-11-01 20:26:23.012404,100,2025-11-07 13:14:21.390400
34115,22506,2025-10-23 17:13:40.732285,100,2025-11-04 09:14:22.243294
38332,18998,2025-08-06 16:52:28.746413,100,2025-08-13 09:27:29.076132
34133,19395,2025-08-24 15:05:27.803088,100,2025-09-01 14:13:44.814488
32268,24282,2025-11-16 23:40:16.707982,100,2025-11-25 08:55:47.154797
29541,17781,2025-06-19 16:32:55.432864,100,2025-06-24 12:13:18.708614
45861,22098,2025-10-17 17:57:44.477433,100,2025-10-27 14:38:00.827709
32102,19358,2025-08-23 06:49:52.449261,100,2025-09-01 12:58:03.092683
30532,16406,2025-05-21 11:56:55.154883,100,2025-05-27 07:10:35.154642
39018,22331,2025-10-21 10:50:51.459179,100,2025-10-29 13:16:56.527975
26074,6347,2025-01-30 17:34:48.799291,100,2025-02-06 09:49:19.380923
42871,24039,2025-11-13 18:32:29.663216,100,2025-11-24 14:34:00.833404
39018,24238,2025-11-16 15:52:07.594152,100,2025-11-25 08:42:35.707289
45181,23661,2025-11-09 09:19:29.959564,100,2025-11-18 14:59:29.880961
30532,19011,2025-08-07 12:43:19.421454,100,2025-08-14 13:01:33.593812
27837,14680,2025-04-29 19:27:51.790671,100,2025-05-12 08:28:40.935758
40160,23623,2025-11-08 13:53:34.996630,100,2025-11-17 14:39:42.943507
32818,18083,2025-07-01 10:42:28.780053,100,2025-07-01 13:33:32.728407
26725,13876,2025-04-20 17:06:28.435349,100,2025-04-23 12:23:36.352439
32102,18195,2025-07-06 12:17:08.336586,100,2025-07-10 14:53:07.729893
35895,21999,2025-10-16 10:54:19.301505,100,2025-10-27 10:32:23.692430
30743,18973,2025-08-05 17:07:58.684260,100,2025-08-13 08:19:45.466790
34133,19396,2025-08-24 15:07:58.798569,100,2025-09-01 14:28:49.209858
35280,24690,2025-11-20 20:24:27.816897,100,2025-11-25 15:51:40.722671
45861,22321,2025-10-21 09:43:40.980078,100,2025-10-27 14:56:40.049837
45145,22346,2025-10-21 14:38:16.197617,100,2025-10-29 13:25:11.162293
33582,16857,2025-05-28 08:58:04.626534,100,2025-06-03 09:04:36.172805
29126,14647,2025-04-29 11:22:35.808093,100,2025-05-12 08:20:08.088243
46435,24249,2025-11-16 16:33:30.179959,100,2025-11-25 08:46:10.101256
25130,6012,2025-01-27 14:07:23.884096,100,2025-02-04 14:35:34.172349
32102,16135,2025-05-18 14:01:33.536991,100,2025-05-22 07:17:14.597517
38536,20917,2025-09-28 14:24:07.803077,100,2025-10-06 08:59:42.232100
24459,11573,2025-03-27 11:59:35.068045,100,2025-04-09 07:59:29.698655
45181,24822,2025-11-22 20:50:25.494189,100,2025-11-26 10:50:08.802831
27837,16621,2025-05-24 14:05:16.979056,100,2025-05-27 09:01:28.688290
32818,18074,2025-07-01 05:55:59.163287,100,2025-07-01 13:22:03.846487
40160,23625,2025-11-08 14:35:01.817408,100,2025-11-17 14:46:10.024148
26028,9102,2025-03-03 11:35:13.610729,100,2025-03-20 15:34:05.667679
40768,23635,2025-11-08 15:59:31.756400,100,2025-11-17 14:59:08.375655
37332,21691,2025-10-11 13:36:56.600750,100,2025-10-20 19:57:01.004008
26661,11399,2025-03-25 17:16:59.325790,100,2025-04-08 14:16:11.631034
33345,20301,2025-09-16 09:45:01.806870,100,2025-09-24 12:58:22.358041
45861,22363,2025-10-21 17:27:47.570652,100,2025-10-30 15:00:22.002790
41033,21595,2025-10-09 18:56:35.087254,100,2025-10-20 06:31:47.988605
34133,22172,2025-10-19 12:52:08.760748,100,2025-10-27 13:44:24.967619
39627,23238,2025-11-03 16:03:32.599319,100,2025-11-17 13:59:50.153652
26074,7865,2025-02-17 18:22:43.033287,100,2025-03-18 21:05:38.763910
37206,21203,2025-10-03 09:14:48.494878,100,2025-10-06 09:15:23.562183
30532,19831,2025-09-05 10:51:28.485702,100,2025-09-08 15:38:58.703628
35280,20182,2025-09-13 16:57:41.214294,100,2025-09-22 04:59:22.467244
33582,16860,2025-05-28 09:16:01.144252,100,2025-06-03 09:09:52.922584
35895,22838,2025-10-28 18:23:07.242405,100,2025-11-04 15:32:05.792285
37659,23216,2025-11-03 13:05:56.961698,100,2025-11-17 13:30:25.886205
29126,16968,2025-05-30 08:52:10.621895,100,2025-06-03 09:41:55.389627
28140,12949,2025-04-10 08:47:01.595370,100,2025-04-14 14:11:58.817771
26921,6295,2025-01-30 11:42:50.225465,100,2025-02-06 09:08:09.203470
33582,17008,2025-05-31 08:27:30.433507,100,2025-06-03 13:27:02.750011
35280,24692,2025-11-20 20:38:22.161751,100,2025-11-25 15:55:50.432985
37206,23505,2025-11-06 15:47:00.975661,100,2025-11-17 22:57:32.663347
30092,19107,2025-08-12 08:37:37.902507,100,2025-08-14 13:53:21.507515
33345,20269,2025-09-15 15:42:51.160720,100,2025-09-22 13:54:16.048715
24459,1836,2024-11-22 12:36:11.343268,100,2024-11-25 14:50:23.833924
30092,19292,2025-08-20 13:53:26.438857,100,2025-08-28 12:33:07.337231
45145,24736,2025-11-21 14:08:52.178744,100,2025-11-26 09:59:29.514419
32102,18737,2025-07-27 15:09:58.633882,100,2025-08-04 13:23:26.483585
26725,16065,2025-05-17 13:15:47.578318,100,2025-05-21 13:32:28.410896
26028,11791,2025-03-30 01:28:05.220723,100,2025-04-09 14:07:21.509661
39627,24219,2025-11-16 14:29:14.048880,100,2025-11-24 14:47:58.090462
33582,16827,2025-05-27 14:52:39.210283,100,2025-05-28 07:29:35.545806
26723,15975,2025-05-16 08:14:49.758161,100,2025-05-20 13:32:43.246100
30092,19424,2025-08-25 11:09:33.328635,100,2025-09-01 14:45:37.383878
26028,11790,2025-03-30 00:38:41.595747,100,2025-04-09 14:01:59.223214
33345,22111,2025-10-18 08:00:13.551262,100,2025-10-27 14:50:51.072192
34133,22845,2025-10-28 20:13:43.300342,100,2025-11-04 09:08:25.381471
37659,22327,2025-10-21 10:26:35.138789,100,2025-10-30 15:15:02.225517
32818,18081,2025-07-01 09:54:59.347887,100,2025-07-01 13:27:42.918919
32102,19058,2025-08-09 19:56:12.360135,100,2025-08-14 13:26:30.434539
29126,19532,2025-08-29 10:43:55.462603,100,2025-09-01 22:05:30.628903
32102,23135,2025-11-02 13:51:25.257487,100,2025-11-13 15:52:19.572933
26074,13150,2025-04-12 10:52:13.868475,100,2025-04-22 09:55:37.474029
26723,16704,2025-05-26 09:09:54.657027,100,2025-05-27 09:24:58.816638
26074,13153,2025-04-12 11:29:12.914467,100,2025-04-22 12:27:41.747740
28603,15069,2025-05-05 12:31:39.177887,100,2025-05-14 13:12:16.870913
29126,20131,2025-09-12 13:37:30.521580,100,2025-09-23 08:04:51.210788
28603,13575,2025-04-16 17:03:31.473550,100,2025-04-23 09:03:13.448269
25570,15923,2025-05-15 15:23:32.417087,100,2025-05-19 08:38:42.452919
26723,17428,2025-06-09 20:53:45.447736,100,2025-06-10 09:05:34.149045
24088,10755,2025-03-19 16:45:41.907684,100,2025-04-08 09:44:07.594561
27337,13975,2025-04-21 19:36:56.969888,100,2025-04-23 14:11:28.081419
26661,9801,2025-03-10 16:27:47.816036,100,2025-04-01 14:26:40.612204
27076,15165,2025-05-06 13:03:49.397623,100,2025-05-07 13:14:23.932983
24459,15452,2025-05-09 19:09:32.397816,100,2025-05-13 09:23:00.609762
32102,22763,2025-10-27 20:27:01.606501,100,2025-11-04 15:07:09.435622
28140,16164,2025-05-18 17:50:47.842822,100,2025-05-19 08:03:20.446707
26921,15409,2025-05-09 11:34:36.097276,100,2025-05-13 08:55:45.203987
29126,22397,2025-10-22 12:10:46.087953,100,2025-11-03 09:48:25.460775
26074,14245,2025-04-24 15:48:52.060945,100,2025-04-30 09:03:52.126462
28304,12190,2025-04-02 12:56:24.948833,100,2025-04-14 13:34:38.078009
26725,16212,2025-05-19 09:57:02.701551,100,2025-05-20 08:24:26.696396
26074,14390,2025-04-26 17:16:03.391295,100,2025-05-05 07:27:51.334365
24459,10823,2025-03-20 12:59:51.402774,100,2025-04-08 12:44:34.664453
25225,2879,2024-12-08 16:32:38.477595,89,2025-01-06 15:21:37.744290
